-- MySQL dump 10.13  Distrib 8.0.27, for Linux (x86_64)
--
-- Host: localhost    Database: world_geopedia
-- ------------------------------------------------------
-- Server version	8.0.27-0ubuntu0.20.04.1

/*!40101 SET @OLD_CHARACTER_SET_CLIENT=@@CHARACTER_SET_CLIENT */;
/*!40101 SET @OLD_CHARACTER_SET_RESULTS=@@CHARACTER_SET_RESULTS */;
/*!40101 SET @OLD_COLLATION_CONNECTION=@@COLLATION_CONNECTION */;
/*!50503 SET NAMES utf8mb4 */;
/*!40103 SET @OLD_TIME_ZONE=@@TIME_ZONE */;
/*!40103 SET TIME_ZONE='+00:00' */;
/*!40014 SET @OLD_UNIQUE_CHECKS=@@UNIQUE_CHECKS, UNIQUE_CHECKS=0 */;
/*!40014 SET @OLD_FOREIGN_KEY_CHECKS=@@FOREIGN_KEY_CHECKS, FOREIGN_KEY_CHECKS=0 */;
/*!40101 SET @OLD_SQL_MODE=@@SQL_MODE, SQL_MODE='NO_AUTO_VALUE_ON_ZERO' */;
/*!40111 SET @OLD_SQL_NOTES=@@SQL_NOTES, SQL_NOTES=0 */;

--
-- Table structure for table `Capital`
--

DROP TABLE IF EXISTS `Capital`;
/*!40101 SET @saved_cs_client     = @@character_set_client */;
/*!50503 SET character_set_client = utf8mb4 */;
CREATE TABLE `Capital` (
  `Name` varchar(80) NOT NULL,
  `Coordinates` varchar(40) NOT NULL,
  `Population` double DEFAULT NULL,
  `Area` double DEFAULT NULL,
  `CountryName` varchar(80) NOT NULL,
  `governor` varchar(80) DEFAULT NULL,
  PRIMARY KEY (`Name`),
  KEY `CountryName` (`CountryName`),
  CONSTRAINT `Capital_ibfk_1` FOREIGN KEY (`CountryName`) REFERENCES `Country` (`Name`) ON DELETE CASCADE ON UPDATE CASCADE
) ENGINE=InnoDB DEFAULT CHARSET=utf8mb4 COLLATE=utf8mb4_0900_ai_ci;
/*!40101 SET character_set_client = @saved_cs_client */;

--
-- Dumping data for table `Capital`
--

LOCK TABLES `Capital` WRITE;
/*!40000 ALTER TABLE `Capital` DISABLE KEYS */;
INSERT INTO `Capital` VALUES ('Abu Dhabi','24°28′N - 54°22′E',1450000,972,'United Arab Emirates','HE Saif Badr Al Qubaisi'),('Abuja','9°4′N - 7°29′E',6000000,713,'Nigeria',''),('Accra','5°33′N - 0°12′W',5055900,173,'Ghana',''),('Addis Ababa','9°1′48″N - 38°44′24″E',3384569,527,'Ethiopia','Adanech Abebe'),('Algiers','36°45′14″N - 3°3′32″E',3915811,363,'Algeria','Abdelkader Seyouda'),('Alofi','19°03′14″S - 169°55′12″W',6214,46.48,'Niue',''),('Amman','31°56′59″N - 35°55′58″E',4302730,1680,'Jordan','Noor Alnazer Farah Nabulsi'),('Amsterdam','52°22′N - 4°54′E',2480394,219.32,'Netherlands','Femke Halsema'),('Andorra la Vella','42°30′N - 01°30′E',22256,12,'Andorra',''),('Ankara','39°55′48″N - 32°51′00″E',5663322,24521,'Turkey','Mansur Yavaş'),('Antananarivo','18°56′S - 47°31′E',1275207,88,'Madagascar','Naina Andriantsitohaina'),('Ashgabat','37°56′15″N - 58°22′48″E',1031992,440,'Turkmenistan','Ýaztagan Gylyjow'),('Asmara','15°19′22″N - 38°55′30″E',1258001,45,'Eritrea','Fshaye Haile'),('Asunción','25°18′S - 57°38′W',525252,117,'Paraguay',''),('Athens','37°59′03″N - 23°43′41″E',3753783,38.964,'Greece','Kostas Bakoyannis'),('Avarua','21°12′25″S - 159°46′15″W',4906,0,'Cook Islands',''),('Baghdad','33°20′N - 44°23′E',8126755,673,'Iraq','Alaa Al-Amari'),('Baku','40°23′43″N - 49°52′56″E',2293100,2140,'Azerbaijan','Eldar Azizov'),('Bamako','12°38′21″N - 8°0′10″W',2713000,245,'Mali',''),('Bandar Seri Begawan','4°53′25″N - 114°56′32″E',100700,100.36,'Brunei',''),('Bangkok','13°45′09″N - 100°29′39″E',8305218,1568.737,'Thailand','Aswin Kwanmuang'),('Bangui','04°22′24″N - 18°33′46″E',889231,67,'Central African Republic','Emile Raymond Gros Nakombo'),('Banjul','13°27′11″N - 16°34′39″W',73000,12,'The Gambia','Rohey Malick Lowe'),('Basseterre','17°18′N - 62°44′W',14000,6.1,'Saint Kitts and Nevis',''),('Beijing','39°54′24″N - 116°23′51″E',0,4144,'China','Chen Jining'),('Beirut','33°53′13″N - 35°30′47″E',361366,19.8,'Lebanon','Marwan Abboud'),('Belgrade','44°49′N - 20°28′E',1166763,359.9,'Serbia','Zoran Radojičić'),('Belmopan','17°15′5″N - 88°46′1″W',16451,32.78,'Belize','Khalid Belisle'),('Berlin','52°31′12″N - 13°24′18″E',3664088,891.1,'Germany','Michael Müller'),('Bern','46°56′53″N - 7°26′51″E',133791,51.62,'Switzerland','Stadtpräsident'),('Bishkek','42°52′29″N - 74°36′44″E',1053915,169.9,'Kyrgyzstan','Aibek Dzhunushaliev'),('Bissau','11°51′N - 15°34′W',492004,77.5,'Guinea-Bissau',''),('Bogotá','4°42′40″N - 74°4′20″W',7412566,1587,'Colombia','Claudia López Hernández'),('Brasília','15°47′38″S - 47°52′58″W',4291577,5802,'Brazil',''),('Bratislava','48°08′38″N - 17°06′35″E',440948,367.584,'Slovakia','Matúš Vallo'),('Brazzaville','4°16′4″S - 15°17′31″E',1696392,263.9,'Republic of the Congo','Dieudonné Bantsimba'),('Bridgetown','13°05′51″N - 59°37′00″W',110000,40,'Barbados',''),('Brussels','50°51′N - 4°21′E',1208542,32.61,'Belgium','Rudi Vervoort'),('Bucharest','44°25′57″N - 26°6′14″E',1883425,228,'Romania','Nicușor Dan'),('Budapest','47°29′33″N - 19°03′05″E',1752286,525.2,'Hungary','Gergely Karácsony'),('Buenos Aires','34°36′12″S - 58°22′54″W',15594428,203,'Argentina','Horacio Rodríguez Larreta'),('Cairo','30°2′N - 31°14′E',1539673,3085.12,'Egypt','Khaled Abdel Aal'),('Canberra','35°17′35″S - 149°07′37″E',431380,814.2,'Australia',''),('Caracas','10°28′50″N - 66°54′13″W',2245744,433,'Venezuela','Jacqueline Faría'),('Castries','14°01′N - 60°59′W',20000,79,'Saint Lucia','Geraldine Lendor-Gabriel'),('Chișinău','47°01′22″N - 28°50′07″E',532513,123,'Moldova','Ion Ceban'),('City of San Marino','43°56′4.56″N - 12°26′50.28″E',4071,7.09,'San Marino','Tomaso Rossini'),('Cockburn Town','21°27′32″N - 71°08′20″W',3700,17.39,'Turks and Caicos Islands',''),('Conakry','09°30′33″N - 13°42′44″W',1660973,450,'Guinea',''),('Copenhagen','55°40′34″N - 12°34′06″E',799033,179.8,'Denmark',''),('Dakar','14°41′34″N - 17°26′48″W',1146052,83,'Senegal','Soham El Wardini'),('Damascus','33°30′47″N - 36°17′31″E',2079000,105,'Syria',''),('Dhaka','23°45′50″N - 90°23′20″E',21741000,306,'Bangladesh','Atiqul Islam'),('Dili','08°33′13″S - 125°34′42″E',222323,48.27,'Timor-Leste/East Timor',''),('Djibouti','11°36′N - 43°10′E',0,26,'Djibouti',''),('Dodoma','6°10′23″S - 35°44′31″E',2245800,2576,'Tanzania','Davis G. Mwamfupe'),('Doha','25°17′12″N - 51°32′0″E',2382000,132,'Qatar',''),('Dublin','53°20′59″N - 06°15′37″W',554554,115,'Ireland','Alison Gilliland'),('Dushanbe','38°32′12″N - 68°46′48″E',863400,124.6,'Tajikistan','Rustam Emomali'),('Freetown','8°29′4″N - 13°14′4″W',1055964,81.48,'Sierra Leone','Yvonne Aki-Sawyerr'),('Funafuti','08°31′S - 179°12′E',6320,2.4,'Tuvalu',''),('Gaborone','24°39′29″S - 25°54′44″E',231626,169,'Botswana','Thata Father Maphongo'),('George Town','19°18′12″N - 81°23′11″W',40200,0,'Cayman Islands',''),('Georgetown','6°48′4″N - 58°9′19″W',118363,0,'Guyana','Ubraj Narine'),('Gitega ','3°26′S - 29°54′E',135467,0,'Burundi',''),('Guatemala City','14°36′48″N - 90°32′7″W',995393,220,'Guatemala','Ricardo Quiñónez Lemus'),('Hamilton','32°17′35″N - 64°46′55″W',854,0,'Bermuda','Charles R. Gosling'),('Hanoi','21°01′42″N - 105°51′15″E',8053663,0,'Vietnam',''),('Harare','17°49′45″S - 31°3′8″E',2123132,960.6,'Zimbabwe','Jacob Mafume'),('Hargeisa','9°33′47″N - 44°4′3″E',1200000,0,'Somaliland','Abdikarim Ahmed Mooge'),('Havana','23°08′12″N - 82°21′32″W',2130517,728.26,'Cuba','Reinaldo García Zapata'),('Helsinki','60°10′15″N - 24°56′15″E',656250,715.48,'Finland','Juhana Vartiainen'),('Honiara','9°25′55″S - 159°57′20″E',84520,22,'Solomon Islands','Wilson Mamae'),('Islamabad','33°41′35″N - 73°03′50″E',1014825,220,'Pakistan','Peer Adil Shah Gillani'),('Jakarta','6°12′S - 106°49′E',33430285,662.3,'Indonesia','Anies Baswedan'),('Jerusalem','31°47′N - 35°13′E',936425,125.126,'Palestine',''),('Juba','4°51′N - 31°36′E',525953,52,'South Sudan','Stephen Wani Michael'),('Kabul','34°31′31″N - 69°10′42″E',4601789,275,'Afghanistan','Hamdullah Nomani'),('Kampala','00°18′49″N - 32°34′52″E',1680600,189,'Uganda','Erias Lukwago'),('Kathmandu','27°43′02″N - 85°19′26″E',975453,49.45,'Nepal','Bidya Sundar Shakya'),('Khartoum','15°30′2″N - 32°33′36″E',5274321,22142,'Sudan',''),('Kigali','1°56′38″S - 30°3′34″E',1132686,730,'Rwanda','Pudence Rubingisa'),('Kingston','17°58′17″N - 76°47′35″W',1190000,0,'Jamaica','Delroy Williams'),('Kingstown','13°09′28″N - 061°13′30″W',12909,0,'Saint Vincent and the Grenadines',''),('Kinshasa','4°19′30″S - 15°19′20″E',17071000,600,'Democratic Republic of the Congo','Gentiny Ngobila Mbala'),('Kuala Lumpur','03°08′52″N - 101°41′43″E',7564000,243,'Malaysia','Mahadi bin Che Ngah'),('Kuwait City','29°22′11″N - 47°58′42″E',3000000,200,'Kuwait',''),('Kyiv','50°27′00″N - 30°31′24″E',2962180,839,'Ukraine','Vitali Klitschko'),('Libreville','0°23′25″N - 9°27′15″E',703904,65.42,'Gabon',''),('Lilongwe','13°59′S - 33°47′E',989318,727.79,'Malawi','Juliana Kaduya'),('Lima','12°03′S - 77°02′W',10882757,800,'Peru','Jorge Muñoz'),('Lisbon','38°43′31″N - 9°09′00″W',544851,100.05,'Portugal','Carlos Moedas'),('Ljubljana','46°03′20″N - 14°30′30″E',295504,163.8,'Slovenia','Zoran Janković'),('Lomé','6°7′55″N - 1°13′22″E',837437,99.14,'Togo','Aouissi Lodé'),('London','51°30′26″N - 0°7′39″W',8961989,1572,'United Kingdom','Sadiq Khan'),('Luanda','8°50′18″S - 13°14′4″E',2571861,116,'Angola',''),('Lusaka','15°25′S - 28°17′E',1747152,418,'Zambia','Miles Sampa'),('Luxembourg City','49°36′42″N - 6°7′55″E',124528,51.46,'Luxembourg','Lydie Polfer'),('Madrid','40°25′N - 3°43′W',3223334,604.31,'Spain','José Luis Martínez-Almeida'),('Majuro','7°05′N - 171°23′E',27797,9.7,'Marshall Islands','Ladie Jack'),('Malabo ','3°45′7.43″N - 8°46′25.32″E',297000,0,'Equatorial Guinea',''),('Malé','4°10′31″N - 73°30′32″E',133412,1.95,'Maldives','Dr. Mohamed Muiz'),('Managua','12°8′11″N - 86°15′5″W',1055247,267.17,'Nicaragua','Reyna Rueda'),('Manama','26°13′30″N - 50°34′39″E',200000,30,'Bahrain','Hamad bin Isa Al Khalifa'),('Manila ','14°36′N - 120°59′E',1846513,0,'Philippines','Isko Moreno'),('Maputo','25°58′S - 32°35′E',1088449,347.69,'Mozambique','Iolanda Cintura'),('Maseru','29°19′S - 27°29′E',330760,138,'Lesotho',''),('Mbabane ','26°19′S - 31°08′E',94874,81.76,'Eswatini','Sikhumbuzo Dube'),('Mexico City','19°26′N - 99°8′W',9209944,1485,'Mexico','Claudia Sheinbaum'),('Minsk','53°54′N - 27°34′E',2009786,409.5,'Belarus',''),('Mogadishu','02°02′N - 45°20′E',2388000,91,'Somalia','Omar M. Finnish'),('Monaco ','43°44′N - 7°25′E',0,0,'Monaco',''),('Monrovia','6°18′48″N - 10°48′5″W',1010970,194.25,'Liberia','Jefferson T. Koijee'),('Montevideo','34°53′1″S - 56°10′55″W',1947604,201,'Uruguay',''),('Moroni','11°41′56″S - 43°15′22″E',111326,0,'Comoros',''),('Moscow','55°45′21″N - 37°37′2″E',12506468,2511,'Russia','Sergey Sobyanin'),('Muscat','23°35′20″N - 58°24′30″E',1720000,273.9,'Oman','Haitham bin Tariq Al Said'),('N\'Djamena','12°06′36″N - 15°03′00″E',916000,104,'Chad',''),('Nairobi','01°17′11″S - 36°49′02″E',4397073,696,'Kenya','Anne Kananu Mwenda'),('Nassau','25°4′N - 77°20′W',274400,0,'Bahamas',''),('Naypyidaw','19°44′51″N - 96°06′54″E',924608,7054,'Myanmar','Myo Aung'),('New Delhi','28°36′50″N - 77°12′32″E',257803,42.7,'India',''),('Ngerulmud','7°30′2″N - 134°37′27″E',271,0,'Palau',''),('Niamey','13°30′42″N - 2°7′31″E',1026848,239.3,'Niger','Assane Seydou Sanda'),('Nicosia  ','35°10′21″N - 33°21′54″E',55014,0,'Cyprus','Constantinos Yiorkadjis'),('North Nicosia ','35°10′37″N - 33°21′48″E',61378,0,'Northern Cyprus','Mehmet Harmancı'),('Nouakchott','18°05′09″N - 15°58′43″W',1195600,1000,'Mauritania',''),('Nur-Sultan','51°10′N - 71°26′E',1136008,810.2,'Kazakhstan','Altaı Kölginov'),('Oslo','59°54′50″N - 10°45′8″E',697010,480.75,'Norway','Marianne Borgen'),('Ottawa','45°25′29″N - 75°41′42″W',934243,2970.3,'Canada','Jim Watson'),('Ouagadougou','12°22′N - 1°32′W',2453496,0,'Burkina Faso','Armand Béouindé'),('Palikir','6°55′2″N - 158°9′32″E',6647,0,'Federated States of Micronesia',''),('Panama City','8°59′N - 79°31′W',880691,275,'Panama','José Luis Fábrega'),('Paramaribo','5°51′8″N - 55°12′14″W',240924,182,'Suriname',''),('Paris','48°51′24″N - 2°21′08″E',13024518,105.4,'France','Anne Hidalgo'),('Phnom Penh','11°34′10″N - 104°55′16″E',2281951,679,'Cambodia','Khuong Sreng'),('Plymouth ','50°22′17″N - 4°08′32″W',262100,0,'Montserrat','Joshua Krygier'),('Podgorica','42°26′28.63″N - 19°15′46.41″E',185915,108,'Montenegro','Ivan Vuković'),('Port Louis','20°9′52″S - 57°30′15″E',147066,46.7,'Mauritius','Daniel Eric Clive Laurent'),('Port Moresby','9°28′44″S - 147°08′58″E',364145,240,'Papua New Guinea','Powes Parkop'),('Port of Spain','10°40′N - 61°31′W',37074,12,'Trinidad and Tobago','Joel Martinez, PNM'),('Port Villa','17°44′S - 168°19′E',51437,0,'Vanuatu','Erick Puyo Festa'),('Port-au-Prince','18°32′N - 72°20′W',987310,36.04,'Haiti','Ralph Youri Chevry'),('Porto-Novo','6°29′50″N - 2°36′18″E',264320,110,'Benin','Emmanuel Zossou'),('Prague','50°5′N - 14°25′E',1335084,496,'Czech Republic','Zdeněk Hřib'),('Praia','14°55′05″N - 23°30′32″W',159050,102.6,'Cape Verde',''),('Pretoria ','25°44′46″S - 28°11′17″E',2472612,687.54,'South Africa','Randall Williams'),('Pristina','42°39′48″N - 21°9′44″E',161751,0,'Kosovo','Shpend Ahmeti'),('Pyongyang','39°1′10″N - 125°44′17″E',2870000,0,'North Korea','Cha Hui-rim'),('Quito','00°13′12″S - 78°30′45″W',2011388,372.39,'Ecuador','Santiago Guarderas'),('Rabat','34°02′N - 6°50′W',577827,117,'Morocco','Asmaa Rhlalou'),('Reykjavík','64°08′48″N - 21°56′24″W',131136,273,'Iceland',''),('Riga','56°56′56″N - 24°6′23″E',614618,324,'Latvia','Mārtiņš Staķis'),('Riyadh','24°38′N - 46°43′E',7676654,1913,'Saudi Arabia','Faisal bin Bandar Al Saud'),('Road Town','18°25′53″N - 64°37′23″W',12603,0,'British Virgin Islands',''),('Rome','41°53′N - 12°30′E',4342212,1285,'Italy','Roberto Gualtieri'),('Roseau','15°18′05″N - 61°23′18″W',14725,0,'Dominica','Cecil Joseph'),('San José','9°56′N - 84°5′W',342188,0,'Costa Rica','Johnny Araya Monge'),('San Salvador','13°41′56″N - 89°11′29″W',2177432,72.25,'El Salvador','Mario Durán'),('Sana\'a ','15°20′54″N - 44°12′23″E',2545000,126,'Yemen',''),('Santiago','33°27′S - 70°40′W',6269384,641,'Chile','Claudio Orrego Larraín'),('Santo Domingo','18°28′N - 69°57′W',965040,104.44,'Dominican Republic','Carolina Mejía'),('São Tomé','0°20′10″N - 6°43′50″E',71868,17,'Sao Tome and Principe',''),('Sarajevo','43°52′N - 18°25′E',275524,141.5,'Bosnia and Herzegovina','Benjamina Karić'),('Seoul','37°33′36″N - 126°59′24″E',9733509,605.21,'South Korea','Oh Se-hoon'),('Skopje','42°0′N - 21°26′E',578144,337.8,'North Macedonia','Danela Arsovska'),('Sofia','42°42′N - 23°20′E',1242568,492,'Bulgaria','Yordanka Fandakova'),('South Tarawa','1°26′N - 173°00′E',63439,0,'Kiribati',''),('Sri Jayawardenepura Kotte ','6°55′N - 79°55′E',2234289,17,'Sri Lanka','I M V Premalal'),('St. George\'s','12°3′N - 61°45′W',33734,0,'Grenada',''),('St. John\'s','17°07′N - 61°51′W',22219,0,'Antigua and Barbuda',''),('Stepanakert','39°48′55″N - 46°45′7″E',75000,29.12,'Artsakh','David Sargsyan'),('Stockholm','59°19′46″N - 18°4′7″E',975819,188,'Sweden','Anna König Jerlmyr'),('Sucre ','19°3′0″S - 65°15′0″W',360544,1768,'Bolivia','Rosario López Rojo de Aparicio'),('Sukhumi','43°00′12″N - 41°00′55″E',65439,0,'Abkhazia','Beslan Eshba'),('Suva','18.1405° S – 178.4233° E',93970,2048,'Fiji',''),('Taipei','25°04′N - 121°31′E',2646204,271.8,'Taiwan','Ko Wen-je'),('Tallinn','59°26′14″N - 24°44′43″E',437619,159.2,'Estonia','Mihhail Kõlvart'),('Tashkent','41°18′N - 69°16′E',2571668,334.8,'Uzbekistan','Jahongir Ortiqhojaev'),('Tbilisi','41°43′21″N - 44°47′33″E',1171100,504.2,'Georgia','Kakha Kaladze'),('Tegucigalpa','14°6′N - 87°13′W',1276738,1502,'Honduras','Nasry Asfura'),('Tehran','35°41′21″N - 51°23′20″E',16000378,1200,'Iran','Alireza Zakani'),('Tel Aviv','32°4′N - 34°47′E',460613,0,'Israel','Ron Huldai'),('The Valley','18°13′15″N - 63°03′06″W',1067,0,'Anguilla',''),('Thimphu','27°28′20″N - 89°38′10″E',114551,26.1,'Bhutan',''),('Tirana','41°19′44″N - 19°49′04″E',557422,41.8,'Albania','Erion Veliaj'),('Tiraspol','46°50′25″N - 29°38′36″E',133807,55.56,'Transnistria',''),('Tokyo','35°41′23″N - 139°41′32″E',14043239,2194.07,'Japan','Yuriko Koike'),('Tripoli','32°53′14″N - 13°11′29″E',1170000,1507,'Libya','Abdulrauf Beitelmal'),('Tskhinvali','42°13′30″N - 43°58′12″E',32180,0,'South Ossetia',''),('Tunis','36°48′23″N - 10°10′54″E',638845,212.63,'Tunisia','Souad Abderrahim'),('Ulaanbaatar','47°55′13″N - 106°55′02″E',1466125,4704.4,'Mongolia','Dolgorsürengiin Sumyaabazar'),('Vaduz','47°08′28″N - 9°31′16″E',5696,17.3,'Liechtenstein','Manfred Bischof'),('Valletta','35°53′54″N - 14°30′45″E',5827,0.61,'Malta','Alfred Zammit'),('Victoria','4°37′S - 55°27′E',26450,0,'Seychelles','David André'),('Vienna','48°12′N - 16°22′E',2600000,414.78,'Austria','Michael Ludwig'),('Vientiane','17°58′N - 102°36′E',948477,130,'Laos',''),('Vilnius','54°41′N - 25°17′E',588412,401,'Lithuania','Remigijus Šimašius'),('Warsaw','52°14′N - 21°1′E',1794166,517.24,'Poland','Rafał Trzaskowski'),('Washington','38°54′36″N - 77°00′53″W',689545,0,'United States','Muriel Bowser'),('Wellington','41°17′20″S - 174°46′38″E',439200,442,'New Zealand','Andy Foster'),('Windhoek','22°34′12″S - 17°5′1″E',431000,5133,'Namibia','Job Amupanda'),('Yamoussoukro ','06°48′58″N - 05°16′27″W',361893,0,'Ivory Coast','Augustin Abdoulaye Thiam Houphouët'),('Yaoundé','3°52′N - 11°31′E',2765600,180,'Cameroon',''),('Yaren ','0°32′51.72″S - 166°55′15.12″E',747,0,'Nauru',''),('Yerevan','40°10′53″N - 44°30′52″E',1060138,223,'Armenia','Hayk Marutyan'),('Zagreb','45°49′N - 15°59′E',790017,641,'Croatia','Tomislav Tomašević');
/*!40000 ALTER TABLE `Capital` ENABLE KEYS */;
UNLOCK TABLES;

--
-- Table structure for table `Country`
--

DROP TABLE IF EXISTS `Country`;
/*!40101 SET @saved_cs_client     = @@character_set_client */;
/*!50503 SET character_set_client = utf8mb4 */;
CREATE TABLE `Country` (
  `Name` varchar(80) NOT NULL,
  `Population` double NOT NULL,
  `Legislature` varchar(60) DEFAULT NULL,
  `HDI` float DEFAULT NULL,
  `Currency` varchar(50) DEFAULT NULL,
  `Continent` varchar(30) DEFAULT NULL,
  `GDPNominal` double DEFAULT NULL,
  `GDPPurchasePower` double DEFAULT NULL,
  `giniIndex` double DEFAULT NULL,
  `CallingCode` varchar(30) DEFAULT NULL,
  `drivingSide` varchar(5) DEFAULT NULL,
  `Area` float DEFAULT NULL,
  `waterPercentage` decimal(4,2) DEFAULT NULL,
  `TotalCovidCases` double DEFAULT NULL,
  `TotalCovidVaccinations` double DEFAULT NULL,
  `timeZone` varchar(32) DEFAULT NULL,
  PRIMARY KEY (`Name`)
) ENGINE=InnoDB DEFAULT CHARSET=utf8mb4 COLLATE=utf8mb4_0900_ai_ci;
/*!40101 SET character_set_client = @saved_cs_client */;

--
-- Dumping data for table `Country`
--

LOCK TABLES `Country` WRITE;
/*!40000 ALTER TABLE `Country` DISABLE KEYS */;
INSERT INTO `Country` VALUES ('Abkhazia',245246,'People\'s Assembly',0,'Abkhazian apsarRussian rublee ','Europe',500000000,0,0,'+7840/940and+99544','right',8665,0.00,0,0,'UTC+3 '),('Afghanistan',32890171,'',0.511,'Afghani ','Asia',21657000000,72911000000,0,'93','right',652864,0.00,156414,3097293,'UTC+4:30Solar Calendar '),('Albania',2845955,'Kuvendi',0.795,'Lek ','Europe',16753000000,42594000000,34.3,'355','right',28748,4.70,190815,1037546,'UTC+1 '),('Algeria',44700000,'Parliament',0.748,'Algerian dinar ','Africa',163512000000000,532565000000,27.6,'213','right',2381740,1.10,207509,6399209,'UTC+1 '),('Andorra',77543,'General Council',0.868,'Euro ','Europe',3237000000,0,27.21,'376','right',467,0.26,15744,54312,'UTC+01 '),('Angola',31127674,'National Assembly',0.581,'Kwanza ','Africa',64480000000,213034000000,51.3,'244','right',1246700,0.00,64815,5269623,'UTC+1 '),('Anguilla',14731,'House of Assembly',0,'Eastern Caribbean dollar ','North America',307000000,311000000,0,'+1-264','left',91,0.00,0,9548,'UTC–4 '),('Antigua and Barbuda',97000,'Parliament',0.778,'East Caribbean dollar ','North America',1717000000,2731000000,0,'+1-268','left',440,0.00,4102,58497,'UTC-4 '),('Argentina',45605826,'National Congress',0.845,'Argentine peso ','South America',444458000000,1032999999999,42.9,'54','right',2780400,1.57,5300985,35406164,'UTC−3 '),('Armenia',2963900,'National Assembly',0.776,'Dram ','Europe',13444000000,32893000000,29.9,'374','right',29743,4.71,324039,497971,'UTC+4 '),('Artsakh',0,'National Assembly',0,'Artsakh dramArmenian dram ','Europe',0,713000000,0,'+374 47d','right',0,0.00,0,0,'UTC+4 '),('Australia',25896400,'Parliament',0.944,'Australian dollar ','Australia',1611000000000,1427000000000,32.5,'61','left',7692020,1.79,185627,19417387,'UTC+8'),('Austria',8935112,'Parliament',0.922,'Euro ','Europe',446315000000000,461432000000,27,'43','right',83879,0.84,911175,6012532,'UTC+1 '),('Azerbaijan',10130100,'National Assembly',0.756,'Manat ','Europe',45284000000,189050000000,33.7,'994','right',86600,1.60,552322,5001669,'UTC+4 '),('Bahamas',385637,'Parliament',0.814,'Bahamian dollar ','North America',12803000000,12612000000,0,'+1 242','left',13878,28.00,22544,143726,'UTC−5 '),('Bahrain',1569446,'National Assembly',0.852,'Bahraini dinar ','Asia',41607000000,78760000000,0,'973','right',785,0.00,277138,1182470,'UTC+3 '),('Bangladesh',161376708,'Jatiya Sangsad',0.632,'Taka ','Asia',409000000000,966485000000,39.5,'880','left',148560,6.40,1571669,49114910,'UTC+6 '),('Barbados',287025,'Parliament',0.814,'Barbadian dollar ','North America',5207000000,5398000000,0,'+1 -246','left',439,0.00,21011,150639,'UTC−4 '),('Belarus',9349645,'National Assembly',0.823,'Belarusian ruble ','Europe',57708000000,185889000000,25.3,'375','right',207595,1.40,619708,2759758,'UTC+3 '),('Belgium',11492641,'Federal Parliament',0.919,'Euro ','Europe',503416000000,575808000000,25.4,'32','right',30689,0.71,1463548,8748035,'UTC+1 '),('Belize',419199,'National Assembly',0.716,'Belize dollar ','North America',1987000000,3484000000,53.1,'501','right',22966,0.80,28568,225088,'UTC-6 '),('Benin',11733059,'National Assembly',0.545,'West African CFA franc ','Africa',11386000000,29918000000,47.8,'229','right',114763,0.40,24833,304596,'UTC+1 '),('Bermuda',63913,'Parliament',0,'Bermudian dollar ','North America',7484000000,0,0,'+1-441','left',53,27.00,0,48464,'UTC−04:00 '),('Bhutan',754388,'Parliament',0.654,'Ngultrum ','Asia',2547000000,7701000000,37.4,'975','left',38394,1.10,2623,588307,'UTC+06 '),('Bolivia',11428245,'Plurinational Legislative Assembly',0.718,'Boliviano ','South America',40687000000,89018000000,41.6,'591','right',1098580,1.29,519669,4619842,'UTC−4 '),('Bosnia and Herzegovina',3824782,'Parliamentary Assembly',0.78,'Convertible mark ','Europe',21953000000,51996000000,32.7,'387','right',51129,1.40,261799,797531,'UTC+01 '),('Botswana',2254068,'National Assembly',0.735,'Pula ','Africa',18726000000,43389000000,53.3,'267','left',581730,2.70,193449,770879,'GMT+2'),('Brazil',210147125,'National Congress',0.765,'Real ','South America',1491000000000,3328000000000,53.4,'55','right',8515770,0.65,21909298,161113931,'UTC−2 '),('British Virgin Islands',30030,'House of Assembly',0,'United States dollar ','North America',1027000000,500000000,0,'+1-284','left',153,1.60,0,18041,'UTC-4:00 '),('Brunei',460345,'Legislative Council',0.838,'Brunei dollar ','Asia',13325000000,36854000000,0,'673','left',5765,8.60,13962,361215,'UTC+8 '),('Bulgaria',6875040,'National Assembly',0.816,'Lev ','Europe',77782000000,174998000000,40,'359','right',110993,2.16,646856,1532911,'UTC+2 '),('Burkina Faso',21510181,'National Assembly',0.452,'West African CFA franc','Africa',16226000000,45339000000,38.9,'226','right',274200,0.15,15281,364565,'UTC  '),('Burundi',11865821,'Parliament',0.433,'Burundian franc ','Africa',3573000000,8380000000,39.2,'257','right',27834,10.00,20200,891,'UTC+2 '),('Cambodia',15552211,'Parliament',0.594,'Riel ','Asia',26628000000,76635000000,36,'855','right',181035,2.50,119292,13999741,'UTC+7 '),('Cameroon',26545864,'Parliament',0.563,'Central African CFA franc ','Africa',44893000000,101950000000,46.6,'237','right',475442,0.57,105719,421472,'UTC+1 '),('Canada',38246108,'Parliament',0.929,'Canadian dollar ','North America',2016000000000,2027000000000,30.3,'1','right',9984670,11.76,1748359,29987284,'UTC−3.5 '),('Cape Verde',483628,'National Assembly',0.665,'Cape Verdean escudo ','Africa',2041999999,4323000000,42.4,'238','right',4033,0.00,0,0,'UTC–1 '),('Cayman Islands',71100,'Parliament',0.888,'Cayman Islands dollar ','North America',5936000000,2507000000,0,'+1-345','left',264,1.60,0,56887,'UTC-5:00 '),('Central African Republic',4666368,'National Assembly',0.397,'Central African CFA franc ','Africa',2321000000,4261999999,56.3,'236','right',622984,0.00,11579,362174,'UTC+1 '),('Chad',16244513,'TransitionalMilitaryCouncil',0.398,'Central African CFA franc ','Africa',11000000000,30000000000,43.3,'235','right',1284000,1.90,5107,167809,'UTC+1 '),('Chile',17574003,'National Congress',0.851,'Chilean peso ','South America',245414000000,456394000000,46,'56','right',756096,2.10,1715352,16636019,'UTC−4 and −6 '),('China',1411778724,'National People\'s Congress',0.761,'Renminbi ','Asia',16640000000000,26660000000000,46.7,'86','right',9596960,2.80,98080,1155058478,'UTC+8 '),('Colombia',50372424,'Congress',0.767,'Colombian peso ','South America',343177000000,827662000000,51.3,'57','right',1141750,2.10,5021619,31811242,'UTC−5'),('Comoros',850886,'Assembly of the Union',0.554,'Comorian franc ','Africa',1179000000,2446000000,45,'269','right',1861,0.00,4349,273498,'UTC+3 '),('Cook Islands',17459,'Parliament',0,'New Zealand dollar ','Australia',384000000,0,0,'682','left',236,0.00,0,12600,'UTC-10 '),('Costa Rica',5094118,'Legislative Assembly',0.81,'Costa Rican colón ','North America',65179000000,95791000000,49.7,'506','right',51100,1.05,563290,3790500,'UTC−6 '),('Croatia',4058165,'Croatian Parliament',0.851,'Kuna ','Europe',65000000000,119000000000,28.3,'385','right',56594,1.09,514850,1974397,'UTC+1 '),('Cuba',11181595,'National Assembly of People\'s Power',0.783,'Cuban peso ','North America',105355000000,254865000000,38,'53','right',109884,0.00,957332,10036001,'UTC−5 '),('Cyprus',1189265,'House of Representatives',0.887,'Euro ','Europe',26546000000,38561000000,29.3,'357','left',9251,9.00,126497,607956,'UTC+2 '),('Czech Republic',10701777,'Parliament',0.9,'Czech koruna ','Europe',261732000000,432346000000,24,'+420b','right',78871,2.12,1843019,6356158,'UTC+1 '),('Democratic Republic of the Congo',92377393,'Parliament',0.48,'Congolese franc ','Africa',46117000000,77486000000,42.1,'243','right',2345410,3.32,57662,112529,'UTC+1 '),('Denmark',5850189,'Folketing',0.94,'Danish krone','Europe',370000000000,299000000000,27.3,'45','right',42933,1.74,414175,4499344,'UTC+1 '),('Djibouti',0,'National Assembly',0.524,'Djiboutian franc ','Africa',2187000000,3974000000,41.6,'253','right',23200,0.09,13493,66010,'UTC+3 '),('Dominica',71625,'House of Assembly of Dominica',0.742,'East Caribbean dollar ','North America',485000000,688000000,0,'+1-767','left',750,1.60,5176,6796631,'UTC–4 '),('Dominican Republic',10878246,'Congress',0.756,'Dominican peso','North America',96291000000,215999000000,43.7,'+1-809, +1-829, +1-849','right',48671,0.70,391104,6796631,'UTC  – 4:00'),('Ecuador',17715822,'National Assembly',0.759,'United States dollarb ','South America',106289000000,202043000000,45.4,'593','right',283561,5.00,519560,12686924,'UTC−5 '),('Egypt',101478581,'Parliament',0.707,'Egyptian pound ','Africa',362000000000,1391000000000,31.5,'20','right',1010410,0.63,340269,19462191,'UTC+2'),('El Salvador',6830000,'Legislative Assembly',0.673,'United States dollar ','North America',25855000000,53667000000,38.8,'503','right',21041,1.50,117350,4367938,'UTC−6 '),('Equatorial Guinea',1454789,'Parliament',0.592,'Central African CFA franc ','Africa',12432000000,29162000000,0,'240','right',28050,0.00,13459,243885,'UTC+1 '),('Eritrea',0,'National Assembly',0.459,'Nakfa ','Africa',8090000000,11010000000,0,'291','right',117600,0.14,7003,0,'UTC+3 '),('Estonia',1330068,'Riigikogu',0.892,'Euro ','Europe',34970000000,49644000000,30.5,'372','right',45339,5.16,208326,811209,'UTC+02:00 '),('Eswatini',1160164,'Parliament',0.611,'Lilangeni ','Africa',4211000000,10463000000,54.6,'268','left',17364,0.90,46464,248590,'UTC+2 '),('Ethiopia',117876227,'Federal Parliamentary Assembly',0.485,'Birr ','Africa',91514000000,278000000000,35,'251','right',1104300,0.70,367857,3664374,'UTC+3 '),('Federated States of Micronesia',104468,'Congress',0.62,'United States dollar ','Australia',383000000,367000000,40.1,'691','right',702,0.00,1,0,'UTC+10 and +11'),('Fiji',926276,'Parliament',0.743,'Fijian dollar ','Australia',5223000000,9112000000,36.4,'679','left',18274,0.00,52356,630524,'UTC+12 '),('Finland',5536146,'Parliament',0.938,'Euro ','Europe',277000000000,257000000000,26.2,'358','right',338455,9.71,166256,4248511,'UTC+2 '),('France',67413000,'Parliament',0.901,'Euro ','Europe',2938000000000,3232000000000,29.2,'33','right',640679,0.86,7346277,51431090,'UTC+1 '),('Gabon',2119275,'Parliament',0.703,'Central African CFA franc ','Africa',17212000000,38280000000,38,'241','right',267667,3.76,36587,143136,'UTC+1 '),('Georgia',3728573,'Parliament',0.812,'Georgian lari ','Europe',17830000000,46050000000,35.9,'995','right',69700,0.00,766818,1060937,'UTC+4 '),('Germany',83190556,'Bundesrat',0.947,'Euro ','Europe',4319000000000,4743000000000,29.7,'49','right',357022,1.27,4908540,58043550,'UTC+1 '),('Ghana',31072940,'Parliament',0.611,'Cedi ','Africa',73594000000,226000000000,43.5,'233','right',239567,4.61,130608,2352125,'UTC  '),('Greece',10718565,'Hellenic Parliament',0.888,'Euro ','Europe',211645000000,339668000000,31.4,'30','right',131957,1.51,808297,6754414,'UTC+02:00 '),('Grenada',111454,'Parliament',0.779,'East Caribbean dollar ','North America',1249000000,1801000000,0,'+1-473','left',348,1.60,5863,38704,'UTC−4 '),('Guatemala',17263239,'Congress of the Republic',0.663,'Quetzal ','North America',79109000000,145249000000,48.3,'502','right',108889,0.40,607497,5473684,'UTC−6 '),('Guinea',12414293,'National Assembly',0.477,'Guinean franc ','Africa',9183000000,26451000000,33.7,'224','right',245857,0.00,13459,1578200,'UTC  '),('Guinea-Bissau',1726000,'National People\'s Assembly',0.48,'West African CFA franc ','Africa',1480000000,3391000000,50.7,'245','right',36125,22.40,6203,258705,'UTC  '),('Guyana',743700,'National Assembly',0.682,'Guyanese dollar ','South America',7255000000,18357000000,44.6,'592','left',214970,8.40,36439,387505,'UTC-4 '),('Haiti',11439646,'Parliament',0.51,'Gourde ','North America',22431000000,34189000000,41.1,'509','right',27750,0.70,24233,96384,'UTC−5 '),('Honduras',0,'National Congress',0.632,'Lempira ','North America',23835000000,49010000000,52.1,'504','right',112492,0.00,376676,3847285,'UTC−6 '),('Hungary',9730000,'National Assembly',0.854,'Forint ','Europe',180959000000,359901000000,28.3,'36','right',93030,3.70,923020,5981915,'UTC+1 '),('Iceland',371580,'Althing',0.949,'Icelandic króna ','Europe',20800000000,19800000000,23.2,'354','right',102775,2.07,14935,283301,'UTC'),('India',1352642280,'Parliament',0.645,'Indian rupee ','Asia',3050000000000,10207000000000,35.7,'91','left',3287260,9.60,34401670,745597244,'UTC+05:30 '),('Indonesia',270203917,'People\'sConsultativeAssembly',0.718,'Indonesian rupiah ','Asia',1159000000000,3507000000000,38.2,'62','left',1904570,4.85,4249323,127335266,'UTC+7 '),('Iran',83183741,'Islamic Consultative Assembly',0.783,'Iranian rial ','Asia',611000000000,1006999999999,42,'98','right',1648200,1.63,6012408,55405154,'UTC+3:30 '),('Iraq',40222503,'Council of Representatives',0.674,'Iraqi dinar ','Asia',250070000000,413316000000,29.5,'964','right',438317,4.62,2066042,6062577,'UTC+3 '),('Ireland',5011500,'Oireachtas',0.955,'Euro ','Europe',477000000000,500000000000,28.3,'353','left',70273,2.00,480846,3827837,'UTC  '),('Israel',9428060,'Knesset',0.919,'New shekel ','Asia',410501000000,372314000000,34.8,'972','right',20770,2.71,1335654,6252690,'UTC+2 '),('Italy',60317116,'Parliament',0.892,'Euro ','Europe',2105999999999,2610000000000,32.8,'+39c','right',301340,1.24,4826738,46794549,'UTC+1 '),('Ivory Coast',26378274,'Parliament of Ivory Coast',0.538,'West African CFA franc ','Africa',61502000000,144497000000,41.5,'225','right',322463,1.40,61458,2397955,'UTC  '),('Jamaica',2726667,'Parliament',0.734,'Jamaican dollar ','North America',15424000000,26981000000,35,'+1-876+1-658','left',10991,1.50,89818,615312,'UTC-5'),('Japan',125360000,'National Diet',0.919,'Japanese yen ','Asia',5378000000000,5586000000000,33.4,'81','left',377975,1.40,1724172,98961017,'UTC+09:00 '),('Jordan',10658123,'Parliament',0.729,'Jordanian dinar ','Asia',42609000000,102158000000,35.4,'962','right',89342,0.60,883446,4024651,'UTC+2 '),('Kazakhstan',18711560,'Parliament',0.825,'Tenge ','Asia',179332000000,569813000000,27.5,'+7-6xx, +7-7xx','right',2724900,1.70,1033639,8455353,'UTC+5 '),('Kenya',54985698,'Parliament',0.601,'Kenyan shilling ','Africa',109116000000,250854000000,40.8,'254','left',580367,2.30,254057,3825759,'UTC+3 '),('Kiribati',119940,'House of Assembly',0.63,'Australian dollar','Australia',187000000,255000000,0,'686','left',811,0.00,2,54026,'UTC+12, +13, +14'),('Kosovo',1935259,'Assembly',0.742,'Euro ','Europe',8401999999,23524000000,29,'383','right',10887,1.00,160905,842796,'UTC+1 '),('Kuwait',4420110,'National Assembly',0.806,'Kuwaiti dinar ','Asia',118271000000,303000000000,0,'965','right',17818,0.00,412916,2668082,'UTC+3 '),('Kyrgyzstan',6586600,'Supreme Council',0.697,'Kyrgyzstani som ','Asia',8455000000,35324000000,27.7,'996','right',199951,3.60,181982,1023628,'UTC+6 '),('Laos',7123205,'National Assembly',0.613,'Kip ','Asia',20153000000,58329000000,36.4,'856','right',237955,2.00,50031,3251958,'UTC+7 '),('Latvia',1907675,'Saeima',0.866,'Euro ','Europe',37720000000,63539000000,35.2,'371','right',64589,2.09,235387,1216244,'UTC+2 '),('Lebanon',6859408,'Parliament',0.744,'Lebanese pound ','Asia',18000000000,91000000000,31.8,'961','right',10452,1.80,648782,1821703,'UTC+2 '),('Lesotho',2108328,'Parliament',0.527,'Loti ','Africa',2721000000,7448000000,44.9,'266','left',30355,0.00,21687,347836,'UTC+2 '),('Liberia',5214030,'Legislature of Liberia',0.48,'Liberian dollar ','Africa',3221000000,6468000000,35.3,'231','right',111369,13.51,5818,393975,'UTC  '),('Libya',6992701,'House of Representatives',0.724,'Libyan dinar ','Africa',21805000000,31531000000,0,'218','right',1759540,0.00,362915,1587796,'UTC+2 '),('Liechtenstein',38896,'Landtag',0.919,'Swiss franc ','Europe',5155000000,5300000000,0,'423','right',160,2.70,3814,25363,'UTC+01:00 '),('Lithuania',2784279,'Seimas',0.882,'Euro ','Europe',56000000000,107000000000,35.4,'370','right',65300,1.98,434033,1828950,'UTC+2 '),('Luxembourg',633622,'Chamber of Deputies',0.916,'Euro ','Europe',69453000000,66848000000,0,'352','right',2586,0.23,83826,445064,'UTC+1 '),('Madagascar',28427328,'Parliament',0.528,'Ariary ','Africa',12734000000,45948000000,42.6,'261','right',587041,0.90,43672,381633,'UTC+3 '),('Malawi',19129952,'National Assembly',0.483,'Malawian kwacha ','Africa',7436000000,25037000000,44.7,'265','left',118484,20.60,61832,1009900,'UTC+2 '),('Malaysia',32730000,'Parliament',0.81,'Ringgit ','Asia',336330000000,900426000000,41,'60','left',330803,0.30,2522498,25541722,'UTC+8 '),('Maldives',557426,'People\'s Majlis',0.74,'Maldivian rufiyaa ','Asia',4536000000,8972000000,31.3,'960','left',300,0.00,89255,394871,'UTC+5 '),('Mali',20250833,'National Assembly',0.434,'West African CFA franc ','Africa',17407000000,44329000000,33,'223','right',1240190,1.60,16526,324713,'UTC  '),('Malta',514564,'Parliament of Malta',0.895,'Euro ','Europe',15134000000,22802000000,28,'356','left',316,0.00,38004,432444,'UTC+1 '),('Marshall Islands',58413,'Nitijela',0.704,'United States dollar ','Australia',220000000,215000000,0,'692','right',181,0.00,4,0,'UTC+12 '),('Mauritania',4403313,'National Assembly',0.546,'Ouguiya ','Africa',5200000000,18117000000,32.6,'222','right',1030000,0.03,37884,1023425,'UTC  '),('Mauritius',1265475,'National Assembly',0.804,'Mauritian rupee ','Africa',14812000000,31705000000,36.8,'230','left',2040,0.07,18979,906214,'UTC+4 '),('Mexico',126014024,'Congress',0.779,'Mexican peso ','North America',1322000000000,2715000000000,41.8,'52','right',1972550,1.58,3831259,75170848,'UTC−8 '),('Moldova',2597100,'Parliament',0.75,'Moldovan leu ','Europe',12396000000000,36886000000000,25.7,'373','right',33843,1.40,349568,884590,'UTC+2 '),('Monaco',38300,'National Council',0,'Euro ','Europe',7185000000,7672000000,0,'377','right',2,0.00,3451,26672,'UTC+1 '),('Mongolia',3353470,'State Great Khural',0.737,'Tögrög ','Asia',13700000000,47000000000,32.7,'976','right',1564120,0.67,369303,2256788,'UTC+7'),('Montenegro',621873,'Skupština',0.829,'Euro ','Europe',4790000000,11994000000,34.1,'382','right',13812,2.60,150313,262443,'UTC+1 '),('Montserrat',4649,'Legislative Assembly',0,'East Caribbean dollar ','North America',181680000,63000000,0,'+1-664','left',102,0.00,0,1502,'UTC-4:00 '),('Morocco',37112080,'Parliament',0.686,'Moroccan dirham ','Africa',122458000000,332358000000,40.3,'212','right',710850,0.06,947761,24311560,'UTC+1'),('Mozambique',30066648,'Assembly of the Republic',0.456,'Metical ','Africa',15372000000,41473000000,45.7,'258','left',801590,2.20,151390,4858830,'UTC+2 '),('Myanmar',53582855,'Assembly of the Union',0.583,'Kyat ','Asia',78000000000,258000000000,30.7,'95','right',676578,3.06,509771,13244996,'UTC+06:30 '),('Namibia',2550226,'Parliament',0.646,'Namibian dollar  ','Africa',10927000000,23855000000,59.1,'264','left',825615,0.00,129027,339695,'UTC+2 '),('Nauru',10670,'Parliament',0,'Australian dollar ','Australia',114000000,160000000,0,'674','left',21,0.57,0,7612,'UTC+12'),('Nepal',28095714,'Federal Parliament',0.602,'Nepalese rupee ','Asia',36084000000,122620000000,32.8,'977','left',147516,2.80,815759,8670024,'UTC+05:45 '),('Netherlands',17656800,'States General',0.944,'Euro ','Europe',1012000000000,1054999999999,27.5,'+31,+599','right',41865,18.41,2277031,13032981,'UTC+1 '),('New Zealand',5134760,'Parliament',0.931,'New Zealand dollar ','Australia',243332000000,226566000000,33.9,'64','left',268021,1.60,8108,3773068,'UTC+12 '),('Nicaragua',6486201,'National Assembly',0.66,'Córdoba ','North America',13380000000,35757000000,46.2,'505','right',130375,7.14,16877,1249238,'UTC−6 '),('Niger',24112753,'National Assembly',0.394,'West African CFA franc ','Africa',9869000000,23475000000,34,'227','right',1267000,0.02,212894,5776679,'UTC+1 '),('Nigeria',211400708,'National Assembly',0.539,'Naira ','Africa',514049000000,1116000000000,35.1,'234','right',923769,1.40,212894,5776679,'UTC+01:00 '),('Niue',1620,'Niue Assembly',0,'New Zealand dollar','Australia',43536000,10000000,0,'683','left',261,0.00,0,1184,'UTC−11'),('North Korea',25549604,'Supreme People\'s Assembly',0,'Korean People\'s won ','Asia',30000000000,40000000000,0,'850','right',120540,0.11,0,0,'UTC+9 '),('North Macedonia',1832696,'Assembly',0.774,'Macedonian denar ','Europe',12383000000,33822000000,30.7,'389','right',25713,1.90,207566,852669,'UTC+1 '),('Northern Cyprus',326000,'Assembly of the Republic',0,'Turkish lira ','Europe',4234000000,0,0,'+90 392','left',3355,2.70,0,276487,'UTC+2 '),('Norway',5402171,'Stortinget',0.957,'Norwegian krone ','Europe',366000000000,350000000000,25.4,'47','right',385207,5.32,222296,4214782,'UTC+1 '),('Oman',4829473,'Council of Oman',0.813,'Omani rial ','Asia',62305000000,203959000000,30.75,'968','right',309500,0.00,304403,3089635,'UTC+4 '),('Pakistan',225199937,'Parliament',0.557,'Pakistani rupee ','Asia',296000000000,1110000000000,31.6,'92','left',881913,2.86,1278751,76784188,'UTC+05:00 '),('Palau',17907,'Olbiil era Kelulau',0.826,'United States dollar ','Australia',322000000,300000000,0,'680','right',459,0.00,8,0,'UTC+9 '),('Palestine',5159076,'National Council',0.708,'Egyptian pound ','Asia',14616000000,26479000000,33.7,'970','right',6020,3.50,456186,1499846,'UTC+2 '),('Panama',4379039,'National Assembly',0.815,'Balboa ','North America',73369000000,121749000000,49.9,'507','right',75417,2.90,473903,2982161,'UTC−5 '),('Papua New Guinea',8935000,'National Parliament',0.555,'Kina ','Australia',21543000000,32381999999,41.9,'675','left',462840,2.00,32279,183856,'UTC+10 +11 '),('Paraguay',7359000,'Congress',0.728,'Guaraní ','South America',44557000000,101075000000,46.2,'595','right',406796,2.60,461466,2927343,'UTC–4 '),('Peru',34294231,'Congress of the Republic',0.777,'Sol ','South America',195761000000,385719000000,41.5,'51','right',1285220,0.41,2210129,20009051,'UTC−5 '),('Philippines',109035343,'Congress',0.718,'Philippine peso ','Asia',402638000000,1000000000000,42.3,'63','right',300000,0.61,2806694,40530702,'UTC+08:00 '),('Poland',38268000,'Parliament',0.88,'Złoty ','Europe',655000000000,1412000000000,28.5,'48','right',312696,1.48,3143725,20395051,'UTC+1 '),('Portugal',10347892,'Assembly of the Republic',0.864,'Euro ','Europe',251700000000,376100000000,31.9,'351','right',92212,1.20,1100961,9037865,'UTC  '),('Qatar',2795484,'Consultative Assembly',0.848,'Qatari riyal ','Asia',183807000000,357338000000,41.1,'974','right',11581,0.80,240557,2360308,'UTC+3 '),('Republic of the Congo',5244359,'Parliament',0.574,'Central African CFA franc ','Africa',11162000000,32516000000,40.2,'242','right',342000,3.30,18153,423819,'UTC+1 '),('Romania',19186201,'Parliament',0.828,'Romanian leu ','Europe',289130000000,653903000000,33.8,'40','right',238397,3.00,1725017,7047759,'UTC+2 '),('Russia',0,'Federal Assembly',0.824,'Russian ruble ','Europe',1710000000000,4328000000000,37.5,'7','right',17098200,13.00,8764713,59009118,'UTC+2 '),('Rwanda',12374397,'Parliament',0.543,'Rwandan franc ','Africa',11061000000,33455000000,43.7,'250','right',26338,5.30,100019,4496161,'UTC+2 '),('Saint Kitts and Nevis',52441,'National Assembly',0.779,'East Caribbean dollar ','North America',1058000000,1758000000,0,'+1 869','left',261,0.00,2730,26094,'UTC-4 '),('Saint Lucia',184401,'Parliament',0.759,'East Caribbean dollar ','North America',1770000000,2480000000,51.2,'+1 758','left',617,1.60,12757,52389,'UTC−4 '),('Saint Vincent and the Grenadines',110211,'House of Assembly',0.738,'East Caribbean dollar ','North America',864000000,1373000000,0,'+1 784','left',389,0.00,5167,27828,'UTC-4 '),('San Marino',33600,'Grand and General Council',0.875,'Euro ','Europe',1550000000,2089999999,0,'378','right',61,0.00,5610,25173,'UTC+01 '),('Sao Tome and Principe',211028,'National Assembly',0.625,'Dobra ','Africa',355000000,685000000,56.3,'239','right',1001,0.00,3730,80345,'UTC  '),('Saudi Arabia',34218169,'none',0.854,'Saudi Riyal ','Asia',779289000000,1924000000000,45.9,'966','right',2149690,0.70,549060,24353452,'UTC+3 '),('Senegal',15854323,'National Assembly',0.512,'West African CFA franc ','Africa',28020000000,66438000000,40.3,'221','right',196712,2.10,73945,1281042,'UTC  '),('Serbia',6871547,'National Assembly',0.806,'Serbian dinar ','Europe',52000000000,130600000000,33.3,'381','right',88361,0.00,1197082,3194810,'UTC+1 '),('Seychelles',98462,'National Assembly',0.796,'Seychellois rupee ','Africa',1564000000,2919000000,46.8,'248','left',459,0.00,22526,81375,'UTC+4 '),('Sierra Leone',8059155,'Parliament',0.452,'Leone ','Africa',3824000000,12177000000,35.7,'232','right',71740,1.10,6398,505385,'UTC  '),('Slovakia',5464060,'National Council',0.86,'Euro ','Europe',117664000000,190277000000,22.8,'421','right',49035,0.72,533663,2527042,'UTC+1 '),('Slovenia',2107126,'Parliament',0.917,'Euro ','Europe',609000000000,909000000000,23.5,'386','right',20271,0.70,365095,1199515,'UTC+1 '),('Solomon Islands',652857,'National Parliament',0.567,'Solomon Islands dollar ','Australia',1511000000,1479000000,37.1,'677','left',28400,3.20,20,135995,'UTC+11'),('Somalia',15893219,'Federal Parliament',0.361,'Somali shilling ','Africa',5218000000,13324000000,0,'252','right',637657,0.00,22693,371167,'UTC+3 '),('Somaliland',5.7,'Parliament',0,'Somaliland shilling','Africa',0,2500000000,0,'252','right',177000,0.00,0,0,'UTC+3 '),('South Africa',60142978,'Parliament',0.709,'South African rand ','Africa',415000000000,862000000000,63,'27','left',1221040,0.38,2924622,15917833,'UTC+2 '),('South Korea',51709098,'National Assembly',0.916,'Korean Republic won ','Asia',1806000000000,2436000000000,34.5,'82','right',100363,0.30,388351,41757700,'UTC+9 '),('South Ossetia',53532,'Parliament',0,'Russian ruble ','Europe',100000000,0,0,'+995 34','right',3900,0.00,0,0,'UTC+03:00 '),('South Sudan',12778250,'Transitional National Legislature',0.433,'South Sudanese pound ','Africa',3194000000,18435000000,44.1,'211','right',644329,0.00,12546,84839,'GMT+2'),('Spain',47450795,'Cortes Generales',0.904,'Euro','Europe',1450000000000,1942000000000,33,'34','right',505990,0.89,5038517,38117778,'UTC⁠±0 '),('Sri Lanka',22156000,'Parliament',0.782,'Sri Lankan rupee ','Asia',84532000000,306997000000,39.8,'94','left',65610,4.40,547346,15825242,'UTC+5:30 '),('Sudan',44909353,'Transitional Legislative Council',0.51,'Sudanese pound ','Africa',33903000000,177678000000,34.2,'249','right',1886070,0.00,41019,1154253,'UTC+2 '),('Suriname',575990,'National Assembly',0.738,'Surinamese dollar ','South America',4110000000,9044000000,0,'597','left',163821,1.10,49902,252870,'UTC-3 '),('Sweden',10402070,'Riksdag',0.945,'Swedish krona ','Europe',528929000000,563882000000,26.9,'46','right',450295,8.37,1180518,7271889,'UTC+1 '),('Switzerland',8570146,'Federal Assembly',0.955,'Swiss franc ','Europe',749000000000,584000000000,29.7,'41','right',41285,4.34,901228,5756482,'UTC+1 '),('Syria',17500657,'People\'s Council',0.567,'Syrian pound ','Asia',24600000000,50280000000,55.8,'963','right',185180,1.10,45468,807249,'UTC+2 '),('Taiwan',23451837,'Legislative Yuan',0.916,'New Taiwan dollar ','Asia',759104000000,1403000000000,34.1,'886','right',36197,0.00,16456,17622921,'UTC+8 '),('Tajikistan',9537645,'Supreme Assembly',0.668,'Somoni ','Asia',7350000000,30547000000,34,'992','right',143100,1.80,17488,2678569,'UTC+5 '),('Tanzania',61193226,'National Assembly',0.529,'Tanzanian shilling ','Africa',65632000000,200144000000,40.5,'255','left',947303,6.40,26196,885579,'UTC+3 '),('Thailand',69950850,'National Assembly',0.777,'Baht ','Asia',536841000000,1340000000000,34.9,'66','left',513120,0.40,1989473,44116509,'UTC+7 '),('The Gambia',2173999,'National Assembly',0.496,'Dalasi ','Africa',1810000000,5420000000,35.9,'220','right',10689,11.50,0,0,'UTC  '),('Timor-Leste/East Timor',1340513,'National Parliament',0.606,'United States dollarb ','Asia',1920000000,5315000000,28.7,'670','left',15007,0.00,0,0,'UTC+9 '),('Togo',8608444,'National Assembly',0.515,'West African CFA franc ','Africa',5592000000,14919000000,43.1,'228','right',56785,4.20,26133,950793,'UTC  '),('Transnistria',469000,'Supreme Council',0,'Transnistrian rubled ','Europe',1000000000,0,0,'+373e','',4163,2.35,0,0,'UTC+2 '),('Trinidad and Tobago',1367558,'Parliament',0.796,'Trinidad and Tobago dollar ','North America',22438000000,45148000000,39,'1','left',5131,0.00,60475,629328,'UTC-4 '),('Tunisia',11708370,'Assembly of the Representatives of the People',0.74,'Tunisian dinar ','Africa',44192000000,159707000000,35.8,'216','right',163610,5.04,715276,5762183,'UTC+1 '),('Turkey',83614362,'Grand National Assembly',0.82,'Turkish lira ','Europe',794530000000,2749000000000,41.9,'90','right',783356,2.03,8317394,55726882,'UTC+3 '),('Turkmenistan',6031187,'NationalCouncil',0.715,'Turkmenistan manat ','Asia',42764000000,112659000000,40.8,'993','right',491210,4.90,0,32240,'UTC+05 '),('Turks and Caicos Islands',42953,'House of Assembly',0,'United States dollar ','North America',924583000,0,0,'+1-649','left',948,0.00,0,29210,'UTC-05:00 '),('Tuvalu',11646,'Parliament',0,'Tuvaluan dollar','Australia',45000000,39000000,39.1,'688','left',26,0.00,0,6230,'UTC+12'),('Uganda',42729036,'Parliament',0.544,'Ugandan shilling ','Africa',30765000000,102659000000,42,'+256a','left',241038,15.39,126714,3483212,'UTC+3 '),('Ukraine',41342465,'Verkhovna Rada',0.779,'Hryvnia ','Europe',184000000000,584000000000,26.6,'380','right',603628,7.00,3277772,11844728,'UTC+2'),('United Arab Emirates',9890400,'Federal National Council',0.89,'UAE dirham ','Asia',410214000000,647650000000,32.5,'971','right',83600,0.00,740647,9771891,'UTC+04:00 '),('United Kingdom',67081000,'Parliament',0.932,'Pound sterling','Europe',3108000000000,3276000000000,36.6,'44','left',242495,1.51,9451884,50336130,'UTC  '),('United States',331449281,'Congress',0.926,'U.S. dollar ','North America',22940000000000,22940000000000,48.5,'1','right',3796740,4.66,46789031,224660453,'UTC−4 '),('Uruguay',3518552,'General Assembly',0.817,'Uruguayan peso ','South America',62917000000,86562000000,39.7,'598','right',176215,1.50,395805,2768462,'UTC−3 '),('Uzbekistan',35011180,'Oliy Majlis',0.72,'Uzbek som ','Asia',60490000000,275806000000,36.7,'998','right',448978,4.90,188619,14834189,'UTC+5 '),('Vanuatu',307815,'Parliament',0.609,'Vatu ','Australia',957000000,820000000,37.6,'678','right',12189,0.00,6,80551,'UTC+11 '),('Venezuela',28887118,'National Assembly',0.711,'Bolívar digital ','South America',44893000000,142416000000,44.8,'58','right',916445,3.20,416190,13858057,'UTC−4 '),('Vietnam',96208984,'National Assembly',0.704,'ng ','Asia',340602000000,1047318000000,35.7,'84','right',331699,6.38,992735,62806992,'UTC+07:00 '),('Yemen',30491000,'Parliament',0.47,'Yemeni rial ','Asia',28524000000,73348000000,36.7,'967','right',555000,0.00,9902,331778,'UTC+3 '),('Zambia',17351708,'National Assembly',0.584,'Zambian kwacha ','Africa',23946000000,75857000000,57.1,'260','left',752618,1.00,209939,311049,'UTC+2 '),('Zimbabwe',15092171,'Parliament',0.571,'Zimbabwean dollar','Africa',22290000000,41031000000,50.3,'263','left',390757,1.00,133302,3394826,'UTC+2 ');
/*!40000 ALTER TABLE `Country` ENABLE KEYS */;
UNLOCK TABLES;

--
-- Table structure for table `CountryUser`
--

DROP TABLE IF EXISTS `CountryUser`;
/*!40101 SET @saved_cs_client     = @@character_set_client */;
/*!50503 SET character_set_client = utf8mb4 */;
CREATE TABLE `CountryUser` (
  `Username` varchar(30) NOT NULL,
  `CountryName` varchar(60) NOT NULL,
  `Rates` int DEFAULT '0',
  `travelDate` date NOT NULL DEFAULT '2021-11-09',
  `textualReview` varchar(500) DEFAULT 'Please Enter Your Review',
  PRIMARY KEY (`CountryName`,`Username`),
  KEY `Username` (`Username`),
  CONSTRAINT `CountryUser_ibfk_1` FOREIGN KEY (`CountryName`) REFERENCES `Country` (`Name`) ON DELETE CASCADE ON UPDATE CASCADE,
  CONSTRAINT `CountryUser_ibfk_2` FOREIGN KEY (`Username`) REFERENCES `User` (`Username`) ON DELETE CASCADE ON UPDATE CASCADE
) ENGINE=InnoDB DEFAULT CHARSET=utf8mb4 COLLATE=utf8mb4_0900_ai_ci;
/*!40101 SET character_set_client = @saved_cs_client */;

--
-- Dumping data for table `CountryUser`
--

LOCK TABLES `CountryUser` WRITE;
/*!40000 ALTER TABLE `CountryUser` DISABLE KEYS */;
INSERT INTO `CountryUser` VALUES ('williamsbrooke','Abkhazia',10,'2007-11-26','Bad four give while white already activity admit plant certain kid data stop nature add early hit who computer phone night before.'),('ryan83','Algeria',10,'2019-05-01','Long college movement able picture doctor imagine expert lose hand pay expert no rise tax notice day ground fill head process us company computer thing situation fight audience hair beautiful game PM never poor hold say.'),('jasmin14','Andorra',2,'2012-10-12','Sure city service commercial animal ever agent yes adult show color field back blue example interview step simple inside market figure hair simply senior evidence find yourself culture speak fish everybody attorney film high myself audience economy apply can direction ball attorney night activity.'),('angelamack','Anguilla',5,'2014-02-07','Much even place vote bad production once chance one nor contain establish professional market minute notice personal his action for coach challenge federal be send phone conference design herself speech test sound ground member only send early risk while case southern score series crime.'),('billgreen','Antigua and Barbuda',6,'2008-12-14','Large continue task southern somebody first food provide most figure two candidate eight painting.'),('brenda78','Australia',9,'2015-05-12','Subject piece a coach fight station include seven key speak decision state media mind especially mean out evening strategy name fact above apply picture.'),('markmorgan','Australia',4,'2018-05-06','Brother on them describe son design then power middle owner second rock power learn oil school since performance pressure both after eat return its nice here whom develop I majority than house recently rich training election eight child control education adult store build able for dog.'),('boyerrobin','Azerbaijan',7,'2019-08-30','Himself big modern million benefit society audience central government need truth allow check soldier push ability must those social continue explain politics hair seek recently unit reason weight out study figure tend offer consumer side third science stop many.'),('frederickwall','Bahrain',8,'2008-06-20','Imagine couple instead animal owner ok seem area debate forward here effort near effect actually improve bag develop green easy those success.'),('patriciagarcia','Bahrain',4,'2012-10-26','Oil food really alone measure get right happy smile three measure weight player PM resource keep art authority simply appear bill side treat mind recent per you quality including choice affect like five study language wonder above pull box tell late writer.'),('roy38','Bahrain',2,'2004-11-23','Much candidate pull where find quality.'),('david50','Belgium',2,'2015-08-21','Administration watch two board pull reality little remain citizen point cultural such rule discussion compare center decision two wonder upon good question tonight.'),('mendozamichael','Benin',5,'2018-10-31','Head garden film trial trip attorney save care my green outside involve car me key fill perform art ever if interview first edge keep nor pretty worry easy ahead radio purpose coach whether defense sometimes color executive compare white.'),('elizabethdavis','Bhutan',7,'2016-06-21','Practice safe fund society trial quickly capital light weight question college explain effect apply never.'),('owise','Bhutan',0,'2021-10-03','This turn when happy that method strategy close bill consider save expect move mother call movement.'),('ehernandez','Burkina Faso',10,'2006-12-09','Force ready story culture audience computer their themselves dog goal evidence reality big.'),('kwashington','Cambodia',7,'2017-03-13','Body reflect.'),('morenostanley','Cambodia',1,'2019-01-02','By nature reflect head one tell pretty move very our policy item say thing security rather building employee read choose under month officer blue follow for miss site number no well surface low example forget couple heart recently front party nor chair eat treatment final difference notice less data perform.'),('susan52','Canada',2,'2020-07-15','Side environment commercial role since very rate much just director almost run your character land same kind agent early southern company moment break exactly today cut often yet necessary nice certain matter from music as professor middle check.'),('cperez','Cayman Islands',10,'2021-08-08','Own do reality bed build owner they idea system authority must religious fight pressure choose two personal young key hair now onto oil describe special mother address oil field stage those let.'),('gutierrezmarilyn','Cayman Islands',0,'2000-01-29','Design ten pull happen either condition herself hot war try challenge career thus positive hold admit project individual machine action leader despite any choose instead partner record official different paper before former production somebody section attention difficult.'),('deanrichard','Chad',3,'2000-12-13','Training her safe reason religious security case life yard grow news term old head produce education commercial forget if off respond home finish offer especially oil return front security increase protect however light good event walk born rate ask capital either staff child something away agreement bed number door enough popular without.'),('elizabeth78','China',4,'2013-07-30','Nor individual drop why behind in nearly pick control.'),('sanderskenneth','China',1,'2008-05-23','Us week notice very kitchen hundred million like blue group remember over top late any upon market matter significant remain cost environment magazine set start value back can teach might TV.'),('debra68','Colombia',10,'2011-02-10','Rather happen employee identify step say better ever drug offer stage off watch leave pretty now responsibility tend life thousand action heart truth compare radio boy box capital guy hit defense rise set.'),('williamsjennifer','Costa Rica',0,'2019-08-08','Police military own full art drive suffer push rate media east including different read bag type should.'),('tammylester','Equatorial Guinea',4,'2011-12-17','Special fund call land lot appear movie prevent money well purpose important full six inside threat red marriage per we specific owner almost girl vote experience citizen couple score phone management their better case business third everybody really often.'),('patrick45','Eritrea',8,'2013-07-25','Room world control soon base law over how allow federal degree story arm professional themselves card pretty raise quality crime.'),('millerlindsay','Estonia',6,'2002-10-19','Pay race wish woman major loss.'),('cobbbarry','Eswatini',2,'2014-05-14','Speak sport action story likely paper notice price between left today nothing practice manager national war east theory admit pressure environmental song style serious child put serve sometimes stand conference worry expert time if be woman assume address light give because data southern.'),('natalie65','Fiji',6,'2010-09-08','Chance sport country project talk dog newspaper plant power clearly some industry executive answer probably risk same city high third certain into hold pressure foot walk health never because financial baby society money yes may deal of everybody few news Congress professor suffer music start certain fall recently phone ok deep only drug.'),('knightdennis','Finland',7,'2010-05-12','Time other treatment company after more something site choose produce remain of practice memory.'),('erica43','France',3,'2005-11-10','About black office challenge stuff indicate gas value six both think soldier eat actually east stay picture family right as customer occur.'),('tiffany94','Germany',9,'2016-05-20','Send method administration movie number game sit modern newspaper address why card player road yourself even mean discussion name eye yourself data guy recent able Mr.'),('frederickdavid','Ghana',1,'2006-12-19','Near subject oil remain seven enough off brother Mr conference military religious after herself conference peace eye hope Mrs offer major far better outside response outside maybe himself involve player value time cut notice again tend report second soldier other shake condition majority parent may allow check PM suggest material morning trouble everything.'),('mitchellbanks','Ghana',1,'2014-06-27','Section manager lawyer suffer far process heavy now continue fire during million financial federal dinner animal night need result author despite fire hold remain little country think pay teach this trip where leg case wide once save wonder once throw agreement give few yourself water could far manager position plant bed.'),('elizabeth43','Greece',3,'2020-02-27','Growth meeting together run next study person front about huge guess hair either money officer force difference type direction wonder nice will above day west production purpose expert explain day turn edge surface price word well many operation always respond conference beyond room woman sometimes her build expert Mr wide nor model talk fear continue pressure product have tax left today loss.'),('andrewpaul','Hungary',7,'2018-08-19','Property four majority here improve loss wear good prove including president plan dark dream their down Democrat.'),('youngbruce','India',7,'2009-10-08','Crime trip month thing become really team look quite much economic might a major seven program day most role miss natural physical remember quickly then eight employee rather they election government shoulder letter idea computer project series year write painting director scene main trouble set billion southern speech free bring add animal.'),('claytonemily','Indonesia',6,'2009-06-08','That why fund natural source table east away apply television born full hold official another order later less wide manage until on involve whom door owner note two article state.'),('maureen59','Iraq',1,'2000-08-10','Small huge near woman bed computer popular candidate hot you.'),('tanderson','Israel',2,'2007-03-03','Party before set product situation night I happen weight.'),('benjaminsmith','Italy',4,'2014-04-30','Available pressure father military else kitchen technology quickly cover first money executive full choice debate police.'),('floreseric','Italy',2,'2018-10-18','Address north along training matter another design could leg bank as contain member born sport wife itself pass career consumer majority clear firm area court far prepare three short red because another future upon maintain country easy choice form boy tree attention fight.'),('martinelizabeth','Ivory Coast',10,'2011-01-27','Human majority bring husband all project bag back move energy participant.'),('tylerphillips','Jamaica',0,'2001-04-18','Under model nothing teacher couple size necessary black challenge hospital traditional medical ahead society four over management trip be dream probably because truth glass benefit say agency interest not difference rate election law drive blood somebody fill teach send dinner arm car personal personal south control network necessary simple rather happen when.'),('millermichael','Japan',2,'2009-11-09','Entire decide anyone program either stage stand contain forward upon age read piece democratic.'),('daniellemays','Kazakhstan',0,'2006-04-03','Rest animal less difficult.'),('christopherking','Kenya',7,'2017-11-25','Article I identify store ready act heart news you listen property director fear life agency project road service seem level wait billion onto win fly face prove child across girl do test benefit activity carry have no firm believe involve green board worry court there cell me voice evening would water set care risk remember environmental hot knowledge more second top.'),('qbrown','Kenya',3,'2016-06-09','Door Mrs many myself debate time Mrs card agency threat soldier subject a nor beyond those laugh common set also magazine everybody between policy oil water role other anything pattern.'),('uanderson','Kiribati',9,'2000-11-20','Follow how relate write whole today author risk employee human yeah far factor future enough mention anyone gas position next form realize business sea stop sort similar write seat discussion Mr heart attention step should beautiful grow thought guy able anything a again data book economy measure network cultural church.'),('richard21','Kuwait',5,'2021-07-02','Whatever say product success of something matter education feeling read song military let together writer player much west space until piece health property structure player want performance including soon strategy event cut fly.'),('katherineochoa','Kyrgyzstan',5,'2015-07-02','Section scientist about million almost cultural Mrs face rock win.'),('ugonzalez','Kyrgyzstan',1,'2020-11-24','Character phone industry idea situation detail husband stand from well face reduce doctor bank sense blue miss large perform media various amount heavy commercial child fear protect seem stuff gun individual human matter create consider town world game draw situation industry for stand answer against church kitchen focus.'),('dean41','Latvia',4,'2009-09-21','Population stuff case operation maintain movement seek million best heavy mention agency close job.'),('patrick09','Lebanon',6,'2012-06-23','View attorney family forward religious watch herself suggest center place year him myself.'),('timothymiller','Liechtenstein',10,'2019-05-13','Majority letter animal middle black thought rich international no skin individual run increase serve foreign store teacher bill simple about guess although.'),('tinahopkins','Maldives',10,'2001-01-08','Service only street president south very alone former when understand stay wide land computer budget summer indeed notice song official road school back fast condition professional media either law military need response level ever everybody.'),('jonathanjohnson','Marshall Islands',0,'2020-03-02','Lead bag American common brother its approach sense report huge machine break poor artist blue space head first through growth new catch site write learn lot.'),('griffincraig','Mauritania',5,'2017-02-15','Within upon be so quality TV lay near this later tough have.'),('jasonpetersen','Mauritania',3,'2006-03-26','Hot arm similar son concern administration former including enter.'),('donna14','Mexico',0,'2005-01-18','Age.'),('flowersbrittany','Mexico',3,'2007-10-24','Although Republican it step they art seem order Democrat adult box dinner push avoid company knowledge maybe enjoy which memory firm form quite particularly think lay eat crime tend order manage lose man hospital only pick half most.'),('blakemegan','Mongolia',1,'2007-12-18','Line contain paper wind police just more charge role age to because study huge impact tonight still development same simple service society mouth into relate machine matter laugh decide career surface word green resource.'),('ashleyreyes','Montenegro',1,'2015-02-08','Discover rock market data fly trial modern suffer bed manage a size against here outside people lawyer somebody tax life beautiful gun six movie.'),('zmosley','Nauru',3,'2012-12-03','Find although practice official thing main reason forward difficult.'),('tstokes','Nepal',6,'2017-07-30','Race make despite probably establish performance spend arm card region perhaps to special fear day official food bag bed hour century glass kid keep moment customer draw talk.'),('michaelwhitaker','New Zealand',9,'2012-09-20','Design most road rate finish none sing see wear we week decade poor choose its serious sea resource man a sense quickly any talk young.'),('edwardsmelody','Niger',3,'2001-05-26','Western rich team good increase huge language be without attention grow entire paper time follow international world minute each election week to door there report spend involve red meet important two sure.'),('tiffanystephens','Niger',0,'2017-06-29','Company produce organization report learn attorney price type city now behind go others next list his factor young hold too push catch way Mrs high.'),('charris','Northern Cyprus',4,'2008-12-26','Together rich.'),('elee','Northern Cyprus',10,'2005-11-28','Available smile people fight can nothing fear resource ten list top campaign while begin attack somebody tax behind.'),('fowlerdenise','Northern Cyprus',9,'2008-10-03','Course provide share door teach road third with evidence station himself risk commercial onto wish similar.'),('adkinsnathaniel','Oman',3,'2009-07-20','Clearly class identify pressure expert door serve.'),('dchristensen','Palau',10,'2012-07-12','Structure car site education military size television.'),('parkmelissa','Palestine',0,'2011-08-28','Order task rule reveal anyone nearly realize spend manager simply so now send between exactly ok road always scene air see opportunity bad.'),('qdecker','Panama',8,'2004-02-16','Vote rock gas most anyone marriage policy but old decide decision I each guess major sign include left fund so what will image simple meeting significant last prove much friend get dream property agree would expect energy federal pay treat laugh price official learn particular child.'),('jonesmiguel','Portugal',3,'2004-12-24','Where if capital hard tree clear.'),('gschneider','Qatar',3,'2005-10-27','Imagine under trip vote around PM American office analysis son century worker hospital ever firm challenge could loss inside event building accept that talk agree fall soldier economy than least record opportunity.'),('heathdenise','Romania',7,'2005-01-23','Future yeah majority investment race this from share save listen short question bar business make as court technology education development decision music hear or machine.'),('zrios','Rwanda',2,'2011-10-31','International why gun reflect moment wind help successful become listen notice authority little anyone cost firm method collection her particularly must bad already third charge specific seem memory data away this air those season go medical around paper project with under whatever go why ok think assume style clear analysis medical.'),('eric53','Saint Vincent and the Grenadines',4,'2012-08-13','Begin series door well professor final child exist board budget figure speak kid walk indeed moment laugh.'),('mcooley','San Marino',1,'2002-05-04','Long maybe whether walk adult fall recently foreign style sport clearly while practice talk fly car create share those view marriage bit beat student service book magazine key market forward rate leg two citizen get what high bill.'),('ubell','Slovakia',6,'2019-02-01','Garden foreign go look particularly provide car big inside.'),('jeffery18','Solomon Islands',10,'2008-11-07','Thing city amount job at walk than me believe shake your plant behavior method read certainly race TV green resource record seat find medical tonight once nation must then car respond civil play past begin task central suffer statement evidence.'),('tonialvarez','Somalia',8,'2005-06-15','Lay win picture six result cover child whatever college media lay shoulder rock catch or manage keep.'),('cooperrebecca','Somaliland',4,'2011-09-26','Garden or human action my natural decide also rule government provide letter sound serve coach big he carry Mrs recognize not class.'),('xpowell','South Korea',2,'2000-10-11','Resource two together benefit team leave service right raise bit hard before listen prove soldier majority ability test no old tell reality room.'),('elopez','South Sudan',2,'2001-08-16','Consider near sit which I rate suddenly point would according civil hotel sea.'),('georgematthew','Spain',1,'2017-09-12','Board energy evening street million former line senior just list scene professional thought realize visit continue special usually officer watch forget ask customer sort until sense war alone bad give area upon themselves left east education two I receive family focus of skin.'),('hjohnson','Spain',3,'2016-05-03','Fire rich student pretty man my south argue mean church worry recognize account just there central home sometimes with under consumer also hour your join pattern heavy recognize Republican animal similar cold involve fear push represent realize quickly art improve agent sit floor image could people claim military whatever teach tree also available soon standard watch.'),('andreabarnes','Sri Lanka',2,'2017-08-14','Current happen else detail wrong room language attorney note history hear drive.'),('hmoody','Sri Lanka',1,'2005-07-02','List here smile by top model eat check religious Mrs candidate participant stock full ask best individual total hold.'),('kevin28','Sudan',6,'2003-05-15','Government hundred even woman become rise with reduce third sure here whose buy guess happen fine throw prove write very receive base.'),('lcarson','Sudan',8,'2014-04-28','Unit billion range bring full realize partner reduce the lay pattern difference past throughout believe try oil church agent wonder decide child operation continue wrong perhaps necessary understand you.'),('stevenkeith','Suriname',7,'2015-07-25','Research represent painting use forget simple.'),('nwashington','Switzerland',9,'2018-04-20','Lose find machine reveal power apply compare very recognize drug about choice window from reason bill professor statement garden growth right likely full growth fact very drop popular ten sing amount example resource design voice force manager be later rather end knowledge soldier.'),('turnerwilliam','Tajikistan',2,'2003-08-23','Value she man.'),('ricky60','Tanzania',10,'2020-11-03','Benefit his recognize city play be west create else especially amount news thousand option go field gas point huge.'),('stacymurray','Timor-Leste/East Timor',3,'2000-10-21','Right either remain man stock range change reflect short field whom action trouble major writer after activity stage affect none against whatever agreement miss often few probably eye network glass spring education and enter gun white arrive focus growth cause around section down local nation social individual recently join possible wish six.'),('alan08','Togo',8,'2007-03-20','They interesting affect hour strong can bag one.'),('elizabethmartin','Trinidad and Tobago',0,'2005-03-19','Way purpose thousand just international peace hospital teach organization time management born fight same may air section crime without gas approach close our never prove research allow.'),('tracey97','Tunisia',4,'2011-02-11','Worker success stay oil section and movement when effort maintain oil nation assume many knowledge letter never establish could light open whose investment player accept discuss medical heavy a machine direction hair return actually bit may take born garden idea rich measure simple low.'),('robertgarza','Turks and Caicos Islands',4,'2009-07-24','In unit manage better total past college short production laugh enough the before enough quickly local risk finish short training relate cold war base knowledge father data baby range down share tough trade should scene until pick small simply oil nothing chair against on for natural administration by name put area matter line too event alone quality camera life finish.'),('aduffy','Uganda',2,'2018-05-30','Leave key poor three effort door yes yeah away stock always who education have hair work power manage drug few together address common buy red might less production wrong put late rich.'),('foleymelissa','Uganda',4,'2000-05-01','System time dark eight pull ago throw plant force line she tree probably relationship common east their talk point note popular especially world energy think center catch then time contain reach.'),('tashascott','United States',3,'2018-05-28','Stock happen project approach onto result including involve need few issue team culture around term activity.'),('charles70','Vanuatu',0,'2016-02-08','Religious beautiful suffer wall computer produce economic consider smile.'),('fcarrillo','Vietnam',2,'2018-05-05','When interview picture necessary next agent opportunity fly since magazine part sign important summer democratic phone some contain enter age remember garden anything check ago age seat national ball.'),('andrew01','Zambia',7,'2003-07-12','Design entire hundred prepare fine consumer yourself that unit ball.'),('misty08','Zimbabwe',8,'2019-09-08','Draw tonight theory across start treatment hair bag example investment all growth phone understand raise idea radio option show member well fear Republican situation eye natural else so test among land go security group.');
/*!40000 ALTER TABLE `CountryUser` ENABLE KEYS */;
UNLOCK TABLES;

--
-- Table structure for table `Languages`
--

DROP TABLE IF EXISTS `Languages`;
/*!40101 SET @saved_cs_client     = @@character_set_client */;
/*!50503 SET character_set_client = utf8mb4 */;
CREATE TABLE `Languages` (
  `CountryName` varchar(60) NOT NULL,
  `Language` varchar(25) NOT NULL DEFAULT 'English',
  PRIMARY KEY (`CountryName`,`Language`),
  CONSTRAINT `Languages_ibfk_1` FOREIGN KEY (`CountryName`) REFERENCES `Country` (`Name`) ON DELETE CASCADE ON UPDATE CASCADE
) ENGINE=InnoDB DEFAULT CHARSET=utf8mb4 COLLATE=utf8mb4_0900_ai_ci;
/*!40101 SET character_set_client = @saved_cs_client */;

--
-- Dumping data for table `Languages`
--

LOCK TABLES `Languages` WRITE;
/*!40000 ALTER TABLE `Languages` DISABLE KEYS */;
INSERT INTO `Languages` VALUES ('Abkhazia','Abkhaz'),('Abkhazia','Russian'),('Afghanistan','Dari'),('Albania','Albanian'),('Algeria','Arabic'),('Algeria','Tamazight'),('Andorra','Catalan'),('Angola','Portuguese'),('Antigua and Barbuda','English'),('Argentina','Spanish'),('Armenia','Armenian'),('Artsakh','Armenian'),('Artsakh','Russian'),('Australia','English'),('Austria','German'),('Azerbaijan','Azerbaijani'),('Bahamas','English'),('Bahrain','Arabic'),('Bangladesh','Bengali'),('Barbados','English'),('Belarus','Belarusian'),('Belarus','Russian'),('Belgium','Dutch'),('Belgium','French'),('Belgium','German'),('Belize','English'),('Benin','French'),('Bhutan','Dzongkha'),('Bolivia','Spanish'),('Bosnia and Herzegovina','Bosnian'),('Botswana','English'),('Botswana','Tswana'),('Brazil','Portuguese'),('Brunei','English'),('Brunei','Malay'),('Bulgaria','Bulgarian'),('Burkina Faso','French'),('Burundi','English'),('Burundi','French'),('Burundi','Kirundi'),('Cambodia','Khmer'),('Cameroon','English'),('Cameroon','French'),('Canada','English'),('Canada','French'),('Cape Verde','Portuguese'),('Central African Republic','French'),('Chad','Arabic'),('Chad','French'),('Chile','Spanish'),('China','Chinese'),('China','Mandarin'),('Colombia','Spanish'),('Comoros','Arabic'),('Comoros','Comorian'),('Comoros','French'),('Cook Islands','Cook'),('Cook Islands','English'),('Cook Islands','Islands'),('Cook Islands','Maori'),('Costa Rica','Spanish'),('Croatia','Croatian'),('Cuba','Spanish'),('Cyprus','Greek'),('Cyprus','Turkish'),('Czech Republic','Czech'),('Czech Republic','Slovak'),('Democratic Republic of the Congo','French'),('Denmark','Danish'),('Djibouti','Arabic'),('Djibouti','French'),('Dominica','English'),('Dominican Republic','Spanish'),('Ecuador','Quechua'),('Ecuador','Spanish'),('Egypt','Arabic'),('El Salvador','Spanish'),('Equatorial Guinea','French'),('Equatorial Guinea','Portuguese'),('Equatorial Guinea','Spanish'),('Eritrea','Tigrinya'),('Estonia','Estonian'),('Eswatini','English'),('Eswatini','Swazi'),('Ethiopia','Afar'),('Ethiopia','Amharic'),('Ethiopia','Oromo'),('Ethiopia','Somali'),('Ethiopia','Tigrinya'),('Federated States of Micronesia','English'),('Fiji','English'),('Fiji','Fiji'),('Fiji','Fijian'),('Fiji','Hindi'),('Finland','Finnish'),('Finland','Swedish'),('France','French'),('Gabon','French'),('Georgia','Georgian'),('Germany','German'),('Ghana','English'),('Greece','Greek'),('Grenada','English'),('Guatemala','Spanish'),('Guinea','French'),('Guinea-Bissau','Portuguese'),('Guyana','English'),('Haiti','Creole'),('Haiti','French'),('Haiti','Haitian'),('Honduras','Spanish'),('Hungary','Hungarian'),('Iceland','Icelandic'),('Iceland','needed]'),('India','English'),('India','Hindi'),('India','Indian'),('Indonesia','Indonesian'),('Iran','Persian'),('Iraq','Arabic'),('Iraq','Kurdish'),('Ireland','English'),('Ireland','Irish'),('Israel','Hebrew'),('Italy','Italian'),('Ivory Coast','French'),('Jamaica','English'),('Japan','Japanese'),('Jordan','Arabic'),('Kazakhstan','Kazakh'),('Kazakhstan','Russian'),('Kenya','English'),('Kiribati','English'),('Kosovo','Albanian'),('Kosovo','Serbian'),('Kuwait','Arabic'),('Kyrgyzstan','Kyrgyz'),('Kyrgyzstan','Russian'),('Laos','Lao'),('Latvia','Latvian'),('Lebanon','Arabic'),('Lesotho','English'),('Lesotho','Sotho'),('Liberia','English'),('Libya','Arabic'),('Liechtenstein','German'),('Lithuania','Lithuanian'),('Luxembourg','French'),('Luxembourg','German'),('Luxembourg','Luxembourgish'),('Madagascar','French'),('Malawi','Chichewa'),('Malawi','English'),('Malaysia','English'),('Malaysia','Malay'),('Maldives','Dhivehi'),('Mali','French'),('Malta','English'),('Malta','Maltese'),('Marshall Islands','English'),('Mauritania','Arabic'),('Mauritius','English'),('Mexico','Spanish'),('Moldova','Romanian'),('Monaco','French'),('Mongolia','Mongolian'),('Montenegro','Albanian'),('Montenegro','Bosnian'),('Montenegro','Croatian'),('Montenegro','Montenegrin'),('Montenegro','Serbian'),('Morocco','Arabic'),('Morocco','Tamazight'),('Mozambique','Portuguese'),('Namibia','English'),('Nauru','English'),('Nauru','Nauruan'),('Nepal','Nepali'),('Netherlands','Dutch'),('New Zealand','English'),('New Zealand','Maori'),('New Zealand','New'),('New Zealand','Zealand'),('Nicaragua','Spanish'),('Niger','French'),('Nigeria','English'),('Niue','English'),('Niue','Niuean'),('North Korea','Korean'),('North Macedonia','Albanian'),('North Macedonia','Macedonian'),('Northern Cyprus','Turkish'),('Norway','Norwegian'),('Norway','Sami'),('Oman','Arabic'),('Pakistan','English'),('Pakistan','Urdu'),('Palau','English'),('Palau','Palauan'),('Palestine','Arabic'),('Panama','Spanish'),('Papua New Guinea','English'),('Papua New Guinea','Hiri'),('Papua New Guinea','Motu'),('Papua New Guinea','Pisin'),('Papua New Guinea','PNG'),('Papua New Guinea','Tok'),('Paraguay','Guaraní'),('Paraguay','Spanish'),('Peru','Aymara'),('Peru','Quechua'),('Peru','Spanish'),('Philippines','English'),('Philippines','Filipino'),('Poland','Polish'),('Portugal','Portuguese'),('Qatar','Arabic'),('Republic of the Congo','French'),('Romania','Romanian'),('Russia','Russian'),('Rwanda','English'),('Rwanda','French'),('Rwanda','Kinyarwanda'),('Rwanda','Swahili'),('Saint Kitts and Nevis','English'),('Saint Lucia','English'),('Saint Vincent and the Grenadines','English'),('San Marino','Italian'),('Saudi Arabia','Arabic'),('Senegal','French'),('Serbia','Serbian'),('Seychelles','Creole'),('Seychelles','English'),('Seychelles','French'),('Seychelles','Seychellois'),('Sierra Leone','English'),('Slovakia','Slovak'),('Slovenia','Slovene'),('Solomon Islands','English'),('Somalia','Arabic'),('Somaliland','Arabic'),('Somaliland','English'),('Somaliland','Somali'),('South Africa','Afrikaans'),('South Africa','English'),('South Africa','Ndebele'),('South Africa','Northern'),('South Africa','Sotho'),('South Africa','Southern'),('South Africa','Swazi'),('South Africa','Tsonga'),('South Africa','Tswana'),('South Africa','Venda'),('South Africa','Xhosa'),('South Africa','Zulu'),('South Korea','Korean'),('South Ossetia','Ossetian'),('South Ossetia','Russian'),('South Sudan','English'),('Spain','Spanish'),('Sri Lanka','Sinhala'),('Sri Lanka','Tamil'),('Sudan','Arabic'),('Sudan','English'),('Suriname','Dutch'),('Sweden','Swedish'),('Switzerland','Appenzell'),('Switzerland','Ausserrhoden'),('Switzerland','Bern'),('Switzerland','French'),('Switzerland','Fribourg'),('Switzerland','Gallen'),('Switzerland','Geneva'),('Switzerland','German'),('Switzerland','Glarus'),('Switzerland','Graubünden'),('Switzerland','Graubünden)'),('Switzerland','Innerrhoden'),('Switzerland','Italian'),('Switzerland','Jura'),('Switzerland','Lucerne'),('Switzerland','Neuchâtel'),('Switzerland','Nidwalden'),('Switzerland','Obwalden'),('Switzerland','Romansh'),('Switzerland','Saint'),('Switzerland','Schaffhausen'),('Switzerland','Schwyz'),('Switzerland','Solothurn'),('Switzerland','Thurgau'),('Switzerland','Uri'),('Switzerland','Valais'),('Switzerland','Vaud)'),('Switzerland','Zug'),('Switzerland','Zürich)'),('Syria','Arabic'),('Taiwan','Chinese'),('Taiwan','Mandarin'),('Tajikistan','Tajik'),('Tanzania','English'),('Thailand','Thai'),('The Gambia','English'),('Timor-Leste/East Timor','Portuguese'),('Timor-Leste/East Timor','Tetum'),('Togo','French'),('Transnistria','Moldovan'),('Transnistria','Russian'),('Transnistria','Ukrainian'),('Trinidad and Tobago','English'),('Tunisia','Arabic'),('Tunisia','French'),('Tunisia','Tunisian'),('Turkey','Turkish'),('Turkmenistan','Turkmen'),('Tuvalu','English'),('Tuvalu','Tuvaluan'),('Uganda','English'),('Uganda','Swahili'),('Ukraine','Ukrainian'),('United Arab Emirates','Arabic'),('United States','English'),('Uruguay','Spanish'),('Uzbekistan','Uzbek'),('Vanuatu','English'),('Vanuatu','French'),('Venezuela','Spanish'),('Venezuela','Venezuelan'),('Vietnam','Vietnamese'),('Yemen','Arabic'),('Zambia','English'),('Zimbabwe','Chewa'),('Zimbabwe','Chibarwe'),('Zimbabwe','English'),('Zimbabwe','Kalanga'),('Zimbabwe','Khoisan'),('Zimbabwe','Nambya'),('Zimbabwe','Ndau'),('Zimbabwe','Ndebele'),('Zimbabwe','Shangani'),('Zimbabwe','Shona'),('Zimbabwe','Sotho'),('Zimbabwe','Tonga'),('Zimbabwe','Tswana'),('Zimbabwe','Venda'),('Zimbabwe','Xhosa');
/*!40000 ALTER TABLE `Languages` ENABLE KEYS */;
UNLOCK TABLES;

--
-- Table structure for table `President`
--

DROP TABLE IF EXISTS `President`;
/*!40101 SET @saved_cs_client     = @@character_set_client */;
/*!50503 SET character_set_client = utf8mb4 */;
CREATE TABLE `President` (
  `Name` varchar(80) NOT NULL,
  `CountryName` varchar(80) NOT NULL,
  `PoliticalParty` varchar(60) DEFAULT NULL,
  `birthDate` date DEFAULT NULL,
  `assumedOfficeDate` date DEFAULT NULL,
  PRIMARY KEY (`Name`),
  KEY `CountryName` (`CountryName`),
  CONSTRAINT `President_ibfk_1` FOREIGN KEY (`CountryName`) REFERENCES `Country` (`Name`) ON DELETE CASCADE ON UPDATE CASCADE
) ENGINE=InnoDB DEFAULT CHARSET=utf8mb4 COLLATE=utf8mb4_0900_ai_ci;
/*!40101 SET character_set_client = @saved_cs_client */;

--
-- Dumping data for table `President`
--

LOCK TABLES `President` WRITE;
/*!40000 ALTER TABLE `President` DISABLE KEYS */;
INSERT INTO `President` VALUES (' Tapley Seaton','Saint Kitts and Nevis','','1950-07-28','2015-05-19'),('Abdel Fattah al-Burhan','Sudan','','1960-01-01','2021-11-11'),('Abdel Fattah el-Sisi','Egypt','Independent','1954-11-19','2014-06-08'),('Abdelmadjid Tebboune','Algeria','National Liberation Front','1945-11-17','2019-12-19'),('Abdrabbuh Mansur Hadi','Yemen','General People\'s Congress','1945-09-01','2012-02-27'),('Abdul Hamid','Bangladesh','Awami League','1944-01-01','2013-03-14'),('Abdullah II','Jordan','','1962-01-30','1999-02-07'),('Abdullah_of_Pahang','Malaysia','','1959-07-30','2019-01-31'),('Adama Barrow','The Gambia','National People\'s Party ','1965-02-15','2017-01-19'),('Alar Karis','Estonia','Independent','1958-03-26','2021-10-11'),('Alassane Ouattara','Ivory Coast','Democratic Party ','1942-01-01','2010-12-04'),('Alberto Fernández','Argentina','Justicialist Party ','1959-04-02','2019-12-10'),('Alejandro Giammattei','Guatemala','Vamos','1956-03-09','2020-01-14'),('Aleksandar Vučić','Serbia','SRS ','1970-03-05','2017-05-31'),('Alexander Lukashenko','Belarus','Independent ','1954-08-31','1994-07-20'),('Alexander Van der Bellen','Austria','Independent ','1944-01-18','2017-01-26'),('Ali Bongo Ondimba','Gabon','PDG','1959-02-09','2009-10-16'),('Anatoliy Bibilov','South Ossetia','United Ossetia','1970-01-13','2017-04-21'),('Andrés Manuel López Obrador','Mexico','National Regeneration Movement  ','1953-11-13','2018-12-01'),('Andrew Pearce','Montserrat','','1960-10-07','2018-02-01'),('Andry Rajoelina','Madagascar','Young Malagasies Determined','1974-05-30','2019-01-19'),('Andrzej Duda','Poland','Independent ','1972-05-16','2015-08-06'),('Arayik Harutyunyan','Artsakh','Free Motherland','1973-12-14','2020-05-21'),('Ariel Henry','Haiti','Inite','1949-11-06','2021-07-20'),('Arif Alvi','Pakistan','Pakistan Tehreek-e-Insaf','1949-08-29','2018-09-09'),('Armen Sarkissian','Armenia','Independent','1952-06-23','2018-04-09'),('Aslan Bzhania','Abkhazia','Independent','1963-04-06','2020-04-23'),('Assimi Goïta','Mali','','1983-01-01','2021-05-24'),('Azali Assoumani','Comoros','Convention for the Renewal of the Comoros','1959-01-01','2019-05-26'),('Barham Salih','Iraq','Patriotic Union of Kurdistan ','1960-09-12','2018-10-02'),('Bashar al-Assad','Syria','Syrian Ba\'ath Party','1965-09-11','2000-07-17'),('Bidya Devi Bhandari','Nepal','Independent ','1961-06-19','2015-10-29'),('Bob Dadae','Papua New Guinea','United Party ','1961-03-08','2017-02-28'),('Boris Johnson','United Kingdom','Conservative','1964-06-19','2019-07-24'),('Borut Pahor','Slovenia','SKJ ','1963-11-02','2012-12-22'),('Carl XVI Gustaf','Sweden','','1946-04-30','1973-09-15'),('Carlos Alvarado Quesada','Costa Rica','Citizens\' Action Party','1980-01-14','2018-05-08'),('Carlos Vila Nova','Sao Tome and Principe','ADI','1970-01-01','2021-10-02'),('Cécile La Grenade','Grenada','','1952-12-30','2013-05-07'),('Chan Santokhi','Suriname','Progressive Reform Party ','1959-02-03','2020-07-16'),('Charles Savarin','Dominica','Labour Party','1943-10-02','2013-10-02'),('Christian_Schmidt_(politician)','Bosnia and Herzegovina','Christian Social Union ','1957-08-26','2021-08-01'),('Cindy Kiro','New Zealand','','1958-01-01','2021-10-21'),('Cyril Ramaphosa','South Africa','African National Congress','1952-11-17','2018-02-15'),('Dalton Tagelagi','Niue','','1968-06-05','2020-06-11'),('Daniel Ortega','Nicaragua','FSLN','1945-11-11','2007-01-10'),('David Hurley','Australia','','1953-08-26','2019-07-01'),('David Kabua','Marshall Islands','Independent','1951-01-01','2020-01-13'),('David Panuelo','Federated States of Micronesia','','1964-04-13','2019-05-11'),('David Vunagi','Solomon Islands','','1950-09-05','2019-07-07'),('Denis Sassou Nguesso','Republic of the Congo','Congolese Party of Labour ','1943-11-23','1997-10-25'),('Dileeni Daniel-Selvaratnam','Anguilla','','1970-01-01','2021-01-18'),('Ebrahim Raisi','Iran','Combatant Clergy Association','1960-12-14','2021-08-03'),('Egils Levits','Latvia','Latvian Way ','1955-06-30','2019-07-08'),('Emmanuel Macron','France','La République En Marche! ','1977-12-21','2017-05-14'),('Emmerson Mnangagwa','Zimbabwe','United National Independence Party ','1942-09-15','2017-11-24'),('Emomali Rahmon','Tajikistan','People\'s Democratic Party ','1952-10-05','1994-11-16'),('Ersin Tatar','Northern Cyprus','UBP','1960-09-07','2020-10-23'),('Évariste Ndayishimiye','Burundi','CNDD–FDD','1968-01-01','2020-06-18'),('Faure Gnassingbé','Togo','UNIR ','1966-06-06','2005-05-04'),('Faustin-Archange Touadéra','Central African Republic','United Hearts Movement ','1957-04-21','2016-03-30'),('Felipe VI','Spain','','1968-01-30','2014-06-19'),('Félix Tshisekedi','Democratic Republic of the Congo','Union for Democracy and Social Progress','1963-06-13','2019-01-24'),('Filipe Nyusi','Mozambique','FRELIMO','1959-02-12','2015-01-15'),('Francesco Mussoni','San Marino','Sammarinese Christian Democratic Party','1971-05-15','2021-10-01'),('Francisco Guterres','Timor-Leste/East Timor','Fretilin','1954-09-07','2017-05-20'),('Frank-Walter Steinmeier','Germany','Social Democratic Party','1956-01-05','2017-03-19'),('Froyla Tzalam','Belize','','1970-01-01','2021-05-27'),('George Vella','Malta','Labour','1942-04-24','2019-04-04'),('George Weah','Liberia','Congress for Democratic Change','1966-10-01','2018-01-22'),('Gitanas Nausėda','Lithuania','Independent','1964-05-19','2019-07-12'),('Gotabaya Rajapaksa','Sri Lanka','','1949-06-20','2019-11-18'),('Guðni Th. Jóhannesson','Iceland','Independent','1968-06-26','2016-08-01'),('Guillermo Lasso','Ecuador','Creating Opportunities','1955-11-16','2021-05-24'),('Gurbanguly Berdimuhamedow','Turkmenistan','Independent ','1957-06-29','2007-02-14'),('Guy Parmelin','Switzerland','Swiss People\'s Party','1959-11-09','2021-01-01'),('Hage Geingob','Namibia','SWAPO','1941-08-03','2015-03-21'),('Haitham bin Tariq','Oman','','1955-10-11','2020-01-11'),('Hakainde Hichilema','Zambia','United Party for National Development','1962-06-04','2021-08-24'),('Hamad bin Isa Al Khalifa','Bahrain','','1950-01-28','2002-02-14'),('Hans-Adam II','Liechtenstein','','1945-02-14','1989-11-13'),('Harald V','Norway','','1937-02-21','1991-01-17'),('Hassanal Bolkiah','Brunei','','1946-07-15','1967-10-05'),('Henri','Luxembourg','','1955-04-16','2000-10-07'),('Hibatullah Akhundzada','Afghanistan','','1970-01-01','2021-08-19'),('Ibrahim Mohamed Solih','Maldives','Maldivian Democratic Party ','1962-03-01','2018-11-17'),('Ilham Aliyev','Azerbaijan','New Azerbaijan Party','1961-12-24','2003-10-31'),('Ilir Meta','Albania','Independent ','1969-03-24','2017-07-24'),('Irfaan Ali','Guyana','People\'s Progressive Party/Civic','1980-04-25','2020-08-02'),('Isaac Herzog','Israel','Labor Party','1960-09-22','2021-07-07'),('Isaias Afwerki','Eritrea','People\'s Front for Democracy and Justice','1946-02-02','1993-05-24'),('Ismaïl Omar Guelleh','Djibouti','People\'s Rally for Progress','1947-11-27','1999-05-08'),('Iván Duque Márquez','Colombia','Democratic Center','1976-08-01','2018-08-07'),('Jair Bolsonaro','Brazil','Independent ','1955-03-21','2019-01-01'),('János Áder','Hungary','Fidesz','1959-05-09','2012-05-10'),('Jigme Khesar Namgyel Wangchuck','Bhutan','','1980-02-21','2006-12-09'),('João Lourenço','Angola','People\'s Movement for the Liberation of Angola ','1954-03-05','2017-09-26'),('Joe Biden','United States','Democratic ','1942-11-20','2021-01-20'),('John Rankin','British Virgin Islands','','1957-03-12','2021-01-29'),('Joko Widodo','Indonesia','PDI-P','1961-06-21','2014-10-20'),('José Maria Neves','Cape Verde','African Party for the Independence of Cape Verde','1960-03-28','2021-11-09'),('Juan Orlando Hernández','Honduras','National Party','1968-10-28','2014-01-27'),('Julius Maada Bio','Sierra Leone','Sierra Leone People\'s Party','1964-05-12','2018-04-04'),('Kais Saied','Tunisia','Independent','1958-02-22','2019-10-23'),('Kassym-Jomart Tokayev','Kazakhstan','Nur Otan','1953-05-17','2019-03-20'),('Katerina Sakellaropoulou','Greece','Independent','1956-05-30','2020-03-13'),('Khalifa bin Zayed Al Nahyan','United Arab Emirates','','1948-09-07','2004-11-03'),('Kim Jong-un','North Korea','Workers\' Party of Korea','1982-01-08','2012-04-11'),('Klaus Iohannis','Romania','Independent politician','1959-06-13','2014-12-21'),('Laurentino Cortizo','Panama','Democratic Revolutionary Party','1953-01-30','2019-07-01'),('Lazarus Chakwera','Malawi','Malawi Congress Party, Tonse Alliance','1955-04-05','2020-06-28'),('Letsie III','Lesotho','','1963-07-17','1996-02-07'),('Li Keqiang','China','Communist Party of China ','1955-07-01','2013-03-15'),('Lionel Aingimea','Nauru','Independent','1970-01-01','2019-08-27'),('Luis Abinader','Dominican Republic','Modern Revolutionary Party','1967-07-12','2020-08-16'),('Luis Arce','Bolivia','Movement for Socialism','1963-09-28','2020-11-08'),('Luis Lacalle Pou','Uruguay','National Party','1973-08-11','2020-03-01'),('Macky Sall','Senegal','Senegalese Democratic Party ','1961-12-11','2012-04-02'),('Mahamat Déby','Chad','','1984-01-01','2021-04-20'),('Mahmoud Abbas','Palestine','Fatah','1935-11-15','2005-01-15'),('Maia Sandu','Moldova','Independent ','1972-05-24','2020-12-24'),('Mamady Doumbouya','Guinea','','1970-01-01','2021-10-01'),('Marcelo Rebelo de Sousa','Portugal','Independent ','1948-12-12','2016-03-09'),('Margrethe II','Denmark','','1940-04-16','1972-01-14'),('Mario Abdo Benítez','Paraguay','Colorado Party','1971-11-10','2018-08-15'),('Mark Brown','Cook Islands','Cook Islands Party','1970-01-01','2020-10-01'),('Martyn Roper','Cayman Islands','','1965-06-08','2018-10-29'),('Mary May Simon','Canada','','1947-08-21','2021-07-26'),('Michael D. Higgins','Ireland','Independent ','1941-04-18','2011-11-11'),('Michel Aoun','Lebanon','Free Patriotic Movement','1933-09-30','2016-10-31'),('Miguel Díaz-Canel','Cuba','Communist','1960-04-20','2021-04-19'),('Milo Đukanović','Montenegro','SKJ ','1962-02-15','2018-05-20'),('Miloš Zeman','Czech Republic','Communist Party ','1944-09-28','2013-03-08'),('Mohamed Abdullahi Mohamed','Somalia','Nabad iyo Nolol','1962-03-11','2017-02-16'),('Mohamed al-Menfi','Libya','','1976-03-03','2021-03-15'),('Mohamed Bazoum','Niger','Nigerien Party for Democracy and Socialism','1960-01-01','2021-04-02'),('Mohamed Ould Ghazouani','Mauritania','Union for the Republic','1956-12-04','2019-08-01'),('Mohammed VI','Morocco','','1963-08-21','1999-07-23'),('Mokgweetsi Masisi','Botswana','Botswana Democratic Party','1962-07-21','2018-04-01'),('Moon Jae-in','South Korea','Democratic','1953-01-24','2017-05-10'),('Mswati III','Eswatini','','1968-04-19','1986-04-25'),('Muhammadu Buhari','Nigeria','All Progressives Congress ','1942-12-17','2015-05-30'),('Muse Bihi Abdi','Somaliland','Peace, Unity, and Development Party','1948-01-01','2017-12-13'),('Myint Swe','Myanmar','Union Solidarity and Development Party','1951-05-24','2021-02-01'),('Nana Akufo-Addo','Ghana','New Patriotic Party','1944-03-29','2017-01-07'),('Naruhito','Japan','','1960-02-23','1990-01-01'),('Nawaf Al-Ahmad Al-Jaber Al-Sabah','Kuwait','','1937-06-25','2020-09-30'),('Nayib Bukele','El Salvador','Nuevas Ideas ','1981-07-24','2019-06-01'),('Neville Cenac','Saint Lucia','','1939-11-24','2018-01-12'),('Nguyễn Xuân Phúc','Vietnam','Communist Party of Vietnam ','1954-07-20','2021-04-05'),('Nicolás Maduro','Venezuela','United Socialist Party of Venezuela ','1962-11-23','2013-03-05'),('Nicos Anastasiades','Cyprus','Centre Union ','1946-09-27','2013-02-28'),('Nigel Dakin','Turks and Caicos Islands','','1964-02-28','2019-07-15'),('Norodom Sihamoni','Cambodia','','1953-05-14','2004-10-14'),('Patrice Talon','Benin','Independent','1958-05-01','2016-04-06'),('Patrick_Allen_(governor-general)','Jamaica','','1951-02-07','2009-02-26'),('Paul Biya','Cameroon','RDPC','1933-02-13','1982-11-06'),('Paul Kagame','Rwanda','Rwandan Patriotic Front','1957-10-23','2000-04-22'),('Paula-Mae Weekes','Trinidad and Tobago','Independent','1958-12-23','2018-03-19'),('Pedro Castillo','Peru','Free Peru ','1969-10-19','2021-07-28'),('Philippe','Belgium','','1960-04-15','2013-07-21'),('Prince Albert II','Monaco','','1958-03-14','2005-04-06'),('Prithvirajsing Roopun','Mauritius','Militant Socialist Movement ','1959-05-24','2019-12-02'),('Ram Nath Kovind','India','Bharatiya Janata Party','1945-10-01','2017-07-25'),('Recep Tayyip Erdoğan','Turkey','Justice and Development Party ','1954-02-26','2014-08-28'),('Rena Lalgie','Bermuda','','1970-01-01','2020-12-14'),('Roch Marc Christian Kaboré','Burkina Faso','Organization for Popular Democracy – Labour Movement ','1957-04-25','2015-12-29'),('Rodney Williams','Antigua and Barbuda','Labour Party','1947-11-02','2014-08-14'),('Rodrigo Duterte','Philippines','PDP–Laban','1945-03-28','2016-06-30'),('Rumen Radev','Bulgaria','Independent ','1963-06-18','2017-01-22'),('Sadyr Japarov','Kyrgyzstan','Mekenchil','1968-12-06','2021-01-28'),('Sahle-Work Zewde','Ethiopia','Independent','1950-02-21','2018-10-25'),('Salman bin Abdulaziz','Saudi Arabia','','1935-12-31','2015-01-23'),('Salome Zurabishvili','Georgia','Way of Georgia ','1952-03-18','2018-12-16'),('Salva Kiir Mayardit','South Sudan','Sudan People\'s Liberation Movement','1951-09-13','2011-07-09'),('Samia Suluhu','Tanzania','Chama Cha Mapinduzi','1960-01-27','2021-03-19'),('Sandra Mason','Barbados','Independent','1949-01-17','2018-01-08'),('Sauli Niinistö','Finland','Independent ','1948-08-24','2012-03-01'),('Sebastián Piñera','Chile','National Renewal ','1949-12-01','2018-03-11'),('Sergio Mattarella','Italy','Independent ','1941-07-23','2015-02-03'),('Shavkat Mirziyoyev','Uzbekistan','Liberal Democratic Party ','1957-07-24','2016-12-14'),('Sir Cornelius A. Smith','Bahamas','Free National Movement','1937-04-07','2019-06-28'),('Stevo Pendarovski','North Macedonia','','1963-04-03','2019-05-12'),('Surangel Whipps Jr.','Palau','Independent','1968-08-09','2021-01-21'),('Susan Dougan','Saint Vincent and the Grenadines','','1955-03-03','2019-08-01'),('Tallis Obed Moses','Vanuatu','Independent','1954-10-24','2017-07-06'),('Tamim bin Hamad','Qatar','','1980-06-03','2014-01-01'),('Taneti Maamau','Kiribati','Tobwaan Kiribati Party','1960-09-16','2016-03-11'),('Teodoro Obiang Nguema Mbasogo','Equatorial Guinea','Democratic Party','1942-06-05','1979-08-03'),('Thongloun Sisoulith','Laos','Lao People\'s Revolutionary Party','1945-11-10','2021-01-15'),('Tofiga Vaevalu Falani','Tuvalu','','1970-01-01','2021-09-29'),('Tsai Ing-wen','Taiwan','Democratic Progressive ','1956-08-31','2016-05-20'),('Uhuru Kenyatta','Kenya','Kenya African National Union ','1961-10-26','2013-04-09'),('Ukhnaagiin Khürelsükh','Mongolia','Mongolian People\'s Party','1968-06-14','2021-06-25'),('Umaro Sissoco Embaló','Guinea-Bissau','Madem G15 ','1972-09-23','2020-02-27'),('Vadim Krasnoselsky','Transnistria','Renewal','1970-04-14','2016-12-16'),('Vajiralongkorn','Thailand','','1952-07-28','2016-10-13'),('Vjosa Osmani','Kosovo','Independent ','1982-05-17','2021-04-04'),('Vladimir Putin','Russia','Independent ','1952-10-07','2012-05-07'),('Volodymyr Zelensky','Ukraine','Independent','1978-01-25','2019-05-20'),('Wavel Ramkalawan','Seychelles','Linyon Demokratik Seselwa','1959-03-15','2020-10-26'),('Wiliame Katonivere','Fiji','','1964-04-20','2021-11-12'),('Willem-Alexander','Netherlands','','1967-04-27','2013-04-30'),('Xavier Espot Zamora','Andorra','Democrats for Andorra','1979-10-30','2019-05-16'),('Yoweri Museveni','Uganda','National Resistance Movement','1944-09-15','1986-01-29'),('Zoran Milanović','Croatia','Independent ','1966-10-30','2020-02-19'),('Zuzana Čaputová','Slovakia','Progressive Slovakia ','1973-06-21','2019-06-15');
/*!40000 ALTER TABLE `President` ENABLE KEYS */;
UNLOCK TABLES;

--
-- Table structure for table `User`
--

DROP TABLE IF EXISTS `User`;
/*!40101 SET @saved_cs_client     = @@character_set_client */;
/*!50503 SET character_set_client = utf8mb4 */;
CREATE TABLE `User` (
  `Username` varchar(30) NOT NULL,
  `Birthdate` date NOT NULL,
  `emailAddress` varchar(30) DEFAULT NULL,
  `Gender` char(1) DEFAULT NULL,
  `Age` int DEFAULT NULL,
  PRIMARY KEY (`Username`)
) ENGINE=InnoDB DEFAULT CHARSET=utf8mb4 COLLATE=utf8mb4_0900_ai_ci;
/*!40101 SET character_set_client = @saved_cs_client */;

--
-- Dumping data for table `User`
--

LOCK TABLES `User` WRITE;
/*!40000 ALTER TABLE `User` DISABLE KEYS */;
INSERT INTO `User` VALUES ('adkinsnathaniel','2001-02-04','iscott@yahoo.com','M',20),('aduffy','1998-09-12','malonechristine@yahoo.com','M',23),('alan08','2001-11-18','rhonda03@yahoo.com','M',20),('andreabarnes','1968-09-03','james35@yahoo.com','F',53),('andrew01','1968-07-23','ohensley@yahoo.com','F',53),('andrewpaul','1987-05-04','gonzalezlisa@yahoo.com','M',34),('angelamack','1991-09-23','jenkinslauren@gmail.com','M',30),('ashleyreyes','1986-09-06','dhuynh@yahoo.com','F',35),('benjaminsmith','1960-11-10','kevin04@hotmail.com','F',61),('billgreen','1963-02-13','joseph75@gmail.com','F',58),('blakemegan','1982-09-05','gregorysanchez@gmail.com','F',39),('boyerrobin','1965-09-17','john41@gmail.com','F',56),('brenda78','1997-04-12','brandon75@gmail.com','F',24),('charles70','1985-01-28','wwilliams@hotmail.com','F',36),('charris','2005-12-26','xhunter@hotmail.com','F',16),('christopherking','1988-03-03','graymegan@yahoo.com','F',33),('claytonemily','1994-05-12','carolynwiggins@gmail.com','M',27),('cobbbarry','1995-07-23','tflores@gmail.com','F',26),('cooperrebecca','1977-04-17','kyle83@hotmail.com','F',44),('cperez','1981-02-20','weaverjohn@gmail.com','F',40),('daniellemays','1992-07-23','rodriguezbailey@gmail.com','F',29),('david50','1997-07-08','nturner@hotmail.com','F',24),('dchristensen','2006-09-23','urussell@yahoo.com','M',15),('dean41','1960-12-04','ojohnson@yahoo.com','F',61),('deanrichard','1987-07-26','fernandotorres@hotmail.com','M',34),('debra68','1999-07-21','mckinneyandrea@gmail.com','F',22),('donna14','1981-02-02','christinezamora@yahoo.com','F',40),('edwardsmelody','1996-05-10','james91@gmail.com','M',25),('ehernandez','2004-02-07','edwardsjudy@yahoo.com','M',17),('elee','1990-04-02','virginia93@gmail.com','M',31),('elizabeth43','1975-12-11','andrewwilliams@gmail.com','M',46),('elizabeth78','2004-01-20','garnersteven@yahoo.com','F',17),('elizabethdavis','1996-09-29','patrickevans@gmail.com','F',25),('elizabethmartin','1973-05-24','april85@hotmail.com','F',48),('elopez','1997-02-21','destinymccann@yahoo.com','M',24),('eric53','1980-07-03','allensherry@hotmail.com','M',41),('erica43','1967-10-15','tmeyers@gmail.com','F',54),('fcarrillo','1968-08-02','bradleythomas@yahoo.com','M',53),('floreseric','1987-09-26','maureenknapp@hotmail.com','F',34),('flowersbrittany','1981-11-25','ballcody@yahoo.com','F',40),('foleymelissa','1980-12-31','edwardreed@yahoo.com','M',41),('fowlerdenise','2002-06-24','rachelsteele@yahoo.com','M',19),('frederickdavid','2005-08-12','ujenkins@hotmail.com','M',16),('frederickwall','1964-09-28','holly63@hotmail.com','M',57),('georgematthew','1993-08-23','brandistephens@yahoo.com','M',28),('griffincraig','1977-07-18','wlong@yahoo.com','M',44),('gschneider','2009-08-12','thompsonderek@hotmail.com','F',12),('gutierrezmarilyn','1983-04-07','strongarthur@gmail.com','M',38),('heathdenise','1985-06-14','pagerichard@hotmail.com','M',36),('hjohnson','1993-10-09','tarajohnson@yahoo.com','M',28),('hmoody','1992-08-08','amber35@gmail.com','M',29),('jasmin14','1962-11-07','mcmahonlarry@gmail.com','M',59),('jasonpetersen','1962-04-17','amy71@yahoo.com','M',59),('jeffery18','1977-01-04','danielle98@gmail.com','M',44),('jonathanjohnson','1982-03-09','jeffrey45@yahoo.com','F',39),('jonesmiguel','1985-03-31','pamelacook@gmail.com','M',36),('katherineochoa','1961-04-01','martineznathaniel@hotmail.com','M',60),('kevin28','1960-06-02','jsmith@yahoo.com','F',61),('knightdennis','2009-02-01','tammy40@yahoo.com','M',12),('kwashington','1995-12-14','marytucker@hotmail.com','F',26),('lcarson','2007-12-30','jamescampbell@gmail.com','F',14),('markmorgan','2006-03-31','edwardmartin@yahoo.com','F',15),('martinelizabeth','1963-09-22','nicole09@gmail.com','F',58),('maureen59','1978-12-09','iedwards@yahoo.com','M',43),('mcooley','1985-11-25','raymondmendoza@hotmail.com','M',36),('mendozamichael','1963-03-26','ijohnson@yahoo.com','M',58),('michaelwhitaker','1993-02-12','gallagherjason@yahoo.com','M',28),('millerlindsay','1971-04-02','cynthialowery@hotmail.com','F',50),('millermichael','1979-06-06','ypalmer@gmail.com','M',42),('misty08','2010-03-12','lcalderon@yahoo.com','F',11),('mitchellbanks','1961-07-02','frederickramirez@yahoo.com','F',60),('morenostanley','2003-03-27','phughes@hotmail.com','M',18),('natalie65','1994-02-11','danielphillips@yahoo.com','M',27),('nwashington','1982-11-04','qdaniels@yahoo.com','F',39),('owise','1988-05-07','stephanie46@hotmail.com','M',33),('parkmelissa','1961-03-01','jamieliu@yahoo.com','F',60),('patriciagarcia','1980-04-18','tyler32@hotmail.com','F',41),('patrick09','1977-10-07','melissa98@yahoo.com','F',44),('patrick45','1994-09-30','elliottmichael@yahoo.com','F',27),('qbrown','1987-07-31','vberger@gmail.com','M',34),('qdecker','1977-04-28','ethan30@hotmail.com','M',44),('richard21','2002-01-04','martinrachel@yahoo.com','M',19),('ricky60','1969-11-19','jesseclarke@yahoo.com','M',52),('robertgarza','1966-04-12','roythomas@hotmail.com','F',55),('roy38','1978-08-04','diane51@hotmail.com','F',43),('ryan83','1973-08-25','frances47@gmail.com','F',48),('sanderskenneth','1983-12-03','tony49@gmail.com','F',38),('stacymurray','1996-11-28','jessicariley@yahoo.com','M',25),('stevenkeith','1963-11-05','joedixon@gmail.com','M',58),('susan52','2006-05-30','javier12@gmail.com','F',15),('tammylester','1998-02-04','jerryjones@gmail.com','F',23),('tanderson','1978-10-15','imurray@hotmail.com','F',43),('tashascott','1980-01-18','brianharris@gmail.com','F',41),('tiffany94','2008-07-19','cindy69@gmail.com','F',13),('tiffanystephens','1967-03-13','amy89@hotmail.com','F',54),('timothymiller','1967-10-01','chasetaylor@hotmail.com','M',54),('tinahopkins','1980-10-11','karencooper@yahoo.com','M',41),('tonialvarez','1966-07-17','johnsonjeffrey@gmail.com','F',55),('tracey97','1963-02-03','swaters@gmail.com','M',58),('tstokes','2000-04-14','awells@hotmail.com','M',21),('turnerwilliam','1989-08-23','briannaclark@hotmail.com','M',32),('tylerphillips','2007-03-01','tporter@hotmail.com','M',14),('uanderson','1998-02-21','murphypenny@hotmail.com','M',23),('ubell','2001-09-26','cwest@yahoo.com','F',20),('ugonzalez','1996-09-30','jamesball@hotmail.com','F',25),('williamsbrooke','1994-05-31','qroberts@yahoo.com','M',27),('williamsjennifer','1965-04-29','rebecca09@gmail.com','M',56),('xpowell','1992-09-16','pjacobs@gmail.com','M',29),('youngbruce','2006-01-24','jakebaker@yahoo.com','F',15),('zmosley','2009-02-05','riley36@hotmail.com','M',12),('zrios','1965-07-05','ejohnson@hotmail.com','M',56);
/*!40000 ALTER TABLE `User` ENABLE KEYS */;
UNLOCK TABLES;
/*!40103 SET TIME_ZONE=@OLD_TIME_ZONE */;

/*!40101 SET SQL_MODE=@OLD_SQL_MODE */;
/*!40014 SET FOREIGN_KEY_CHECKS=@OLD_FOREIGN_KEY_CHECKS */;
/*!40014 SET UNIQUE_CHECKS=@OLD_UNIQUE_CHECKS */;
/*!40101 SET CHARACTER_SET_CLIENT=@OLD_CHARACTER_SET_CLIENT */;
/*!40101 SET CHARACTER_SET_RESULTS=@OLD_CHARACTER_SET_RESULTS */;
/*!40101 SET COLLATION_CONNECTION=@OLD_COLLATION_CONNECTION */;
/*!40111 SET SQL_NOTES=@OLD_SQL_NOTES */;

-- Dump completed on 2021-11-13 16:52:45
